id,domain,status,purchase_price,renewal_price,attractiveness,demand,length,registrar,created_at,expires_at,status_verified_at
0087ca4d-d126-4531-bf17-a14685eafcdf,sidelong.global,available,34.98,127.98,medium,low,8,namecheap,,,07/08/2026 03:26
b302f5c9-bed2-424e-a4b7-ac90ecf7bd62,cleary.global,available,46.99,95.99,medium,low,6,namesilo,,,29/09/2026 15:01
6317e9d6-1c3b-4a43-8c87-d83e6ef13177,approximate.global,available,44.5,,high,low,11,unstoppable,,,29/09/2026 08:31
cca85e96-ee83-4094-812b-fda8241151ff,avaram.global,available,46.99,95.99,medium,low,6,namesilo,,,21/09/2026 08:40
67ba02f0-46a7-475b-af8a-be65fac2f418,applies.global,available,31.25,77.83,medium,low,7,spaceship,,,29/09/2026 05:00
c8b68dfd-dddb-4c5d-9778-65bd87af14f4,genuinely.global,available,31.25,77.83,medium,low,9,spaceship,,,28/09/2026 13:10
4df93c26-ef70-4c2f-9740-7891a40d77af,fishy.global,available,34.98,127.98,high,low,5,namecheap,,,18/08/2026 05:32
8495557b-e13b-40fb-8a76-fe7ac9f6c644,cattie.global,available,34.98,127.98,medium,low,6,namecheap,,,11/08/2026 22:14
55f59bd1-a41a-48dd-be82-264fa2954e82,crow.global,available,34.98,127.98,high,low,4,namecheap,,,11/08/2026 00:56
dd1be67e-d579-43dd-acd6-7661a9fcc88f,continues.global,available,46.99,95.99,medium,low,9,namesilo,,,17/09/2026 13:29
6eaf57f8-ea1a-472a-8175-1a836aa66c7c,diplomatic.global,premium,1560,65,high,low,10,namecheap,,,24/09/2026 10:36
64fdb239-fe86-4fe4-b538-9d0ccf52fa2a,bomber.global,available,32.32,80.47,medium,low,6,dynadot,,,28/09/2026 09:10
2e438bc6-8e9c-4f44-9bad-07103f12fd88,console.global,premium,3312,53.92,high,low,7,namesilo,,,24/09/2026 16:26
c516b0c4-f293-416e-ae8b-feea81abc991,swanson.global,available,49.99,167.99,high,low,7,godaddy,,,28/09/2026 02:01
cf5e5529-115d-46de-969a-7c881b2cf39c,williamson.global,available,46.99,95.99,high,low,10,namesilo,,,17/09/2026 14:22
6fb5816f-0ade-4e87-94dc-b1f7cb32d68e,sorority.global,available,31.41,77.75,high,low,8,porkbun,,,01/10/2026 03:45
a2adf8a5-a049-4016-842d-1e87899be064,strap.global,available,46.99,95.99,high,low,5,namesilo,,,28/09/2026 10:12
ff324648-53aa-4b7c-8218-5163246b346b,nationality.global,available,31.25,77.83,high,low,11,spaceship,,,29/09/2026 14:17
2c2b1d20-4407-459c-9595-d8af5c4e02b8,actresses.global,available,46.99,95.99,medium,low,9,namesilo,,,20/09/2026 05:14
58b21270-4138-42d5-ac2c-0e9e489c90b8,judah.global,available,46.99,95.99,medium,low,5,namesilo,,,29/09/2026 01:27
4e3e411f-4f0e-4db5-bfad-433f541baa3a,gunman.global,available,31.25,77.83,medium,low,6,spaceship,,,01/10/2026 02:21
148600dd-a63b-43bc-9b1e-3f1f9a12c25a,endeavor.global,premium,1596,53.92,high,low,8,namesilo,,,21/09/2026 01:15
b8398c98-003c-412e-8f18-40c356fdacb3,synoptic.global,available,34.98,127.98,high,low,8,namecheap,,,11/09/2026 06:33
e4d589bc-df7a-47f0-9ea3-64e60e11ea90,dramatic.global,available,34.98,127.98,high,low,8,namecheap,,,24/09/2026 12:04
25ff4c83-3615-445e-9710-187fa5c0c6ac,underfoot.global,available,46.99,95.99,medium,low,9,namesilo,,,16/09/2026 09:56
acb3fc00-cd88-4755-a9cb-874ce1bc60f6,rightfully.global,available,34.98,127.98,medium,low,10,namecheap,,,15/09/2026 23:44
614b2762-1e51-4b7c-82c1-ea27d3e78147,andesite.global,available,46.99,95.99,medium,low,8,namesilo,,,19/09/2026 04:04
041ef45d-c51b-4511-a56e-a42a3bcb0bdd,ukrainian.global,available,34.98,127.98,high,low,9,namecheap,,,11/09/2026 22:41
706b212c-0803-49b4-bccb-5715cc080129,vilnius.global,available,34.98,127.98,medium,low,7,namecheap,,,28/09/2026 18:34
3d6f2854-d62b-45b5-b70e-6cc0cd3858ef,merchandise.global,available,34.98,127.98,high,low,11,namecheap,,,30/09/2026 09:41
ea84d9eb-4545-442f-9595-534a846963b9,flooded.global,available,34.98,127.98,high,low,7,namecheap,,,08/08/2026 00:23
d269c340-5143-49b4-a762-888313f82b63,ringer.global,available,46.99,95.99,high,low,6,namesilo,,,23/09/2026 05:42
0b4c63a6-f671-40f5-ae19-cb80d96fe8b8,bordered.global,available,46.99,95.99,high,low,8,namesilo,,,22/09/2026 23:55
da3f13a2-2d24-49c5-a203-beb14870e3b4,brainwash.global,available,75.2,75.2,high,low,9,cloudflare,,,30/09/2026 16:18
7ea871e1-778b-4de5-885e-b8066c370374,whap.global,available,46.99,95.99,medium,low,4,namesilo,,,22/09/2026 10:30
620bf755-10dd-4b83-8b7e-a970f44801b4,whispering.global,available,34.98,127.98,high,low,10,namecheap,,,03/09/2026 11:10
729acc11-15ac-4a3f-9837-e5d5e77135de,bifurcated.global,available,34.98,127.98,medium,low,10,namecheap,,,09/08/2026 20:24
7fda7f5f-7864-4235-8aee-79ca7a885258,guessing.global,available,31.25,77.83,high,low,8,spaceship,,,28/09/2026 13:52
09091f54-14fc-4016-87e4-495e95761eb1,meridional.global,available,34.98,127.98,medium,low,10,namecheap,,,24/08/2026 20:52
dda3ad43-9597-4d58-b0b2-09f884a81708,analgesic.global,available,34.98,127.98,medium,low,9,namecheap,,,
b69fcf89-72fe-410b-b180-e7babc488217,relaxed.global,available,34.98,127.98,high,low,7,namecheap,,,09/09/2026 13:24
bb0c3ece-8029-411a-adb0-01fae6577ae8,sacrifice.global,available,46.99,95.99,high,low,9,namesilo,,,25/09/2026 10:25
1dba2e4b-bd94-40e9-91f3-6f286fad08b0,advertising.global,premium,4000.5,53.92,high,low,11,unstoppable,,,01/10/2026 02:54
c661d334-f417-42d1-9c75-8738db9cd6e7,blacken.global,available,34.98,127.98,medium,low,7,namecheap,,,10/08/2026 11:10
66489d7a-a3ea-4425-b95d-b5b22015a559,chambers.global,available,34.98,127.98,high,low,8,namecheap,,,08/09/2026 06:47
cbfe74f8-5b4a-4273-9a24-46e1cf30397d,unattended.global,available,34.98,127.98,medium,low,10,namecheap,,,12/09/2026 01:17
add8f7ae-765f-412f-bb1b-6627103319b9,pairs.global,available,46.99,95.99,medium,low,5,namesilo,,,16/09/2026 14:58
11719abf-5eef-480d-8163-371724ab23ab,gilligan.global,available,46.99,95.99,medium,low,8,namesilo,,,30/09/2026 21:55
a3e4d3b1-4444-44c1-84ee-7367404b9607,granted.global,available,34.98,127.98,high,low,7,namecheap,,,24/09/2026 22:19
6cace443-1a1e-42cd-a003-a6b756282b6a,sellable.global,available,34.98,127.98,high,low,8,namecheap,,,24/08/2026 20:28
44860f66-338a-416a-b628-d30749950406,translated.global,available,31.25,77.83,medium,low,10,spaceship,,,29/09/2026 04:42
b9fbaad9-bb92-450b-8759-590cf9da6df6,haywire.global,available,34.98,127.98,medium,low,7,namecheap,,,
83ca7212-7aa8-44b3-bae6-9a0ee4c096c9,downturn.global,available,46.99,95.99,medium,low,8,namesilo,,,24/09/2026 23:42
12885224-ced3-422c-8959-4eb3feebc33f,eating.global,available,34.98,127.98,high,low,6,namecheap,,,08/09/2026 13:35
87273c02-86c6-4287-9ae4-cce60781e3b4,apogamy.global,available,34.98,127.98,medium,low,7,namecheap,,,19/09/2026 18:27
d8418750-4cf2-43ba-bda8-101830b8c8ac,sodden.global,available,34.98,127.98,medium,low,6,namecheap,,,10/09/2026 13:24
fac22ff8-e2c1-460b-9a70-6c1c3547b0b9,queerly.global,available,34.98,127.98,medium,low,7,namecheap,,,14/09/2026 18:39
058491cb-4df5-43a3-a72b-3030c9c59f72,liveable.global,available,34.98,127.98,high,low,8,namecheap,,,24/08/2026 07:44
9fb697a9-84b3-49c4-a55b-5934fde8d17f,weedless.global,available,34.98,127.98,medium,low,8,namecheap,,,13/09/2026 10:00
41338e45-f5ce-435b-b3f8-1d7f0c958087,danced.global,available,46.99,95.99,medium,low,6,namesilo,,,27/09/2026 10:43
44b6e9fd-eb03-45a9-81e5-ca26645081d0,bearded.global,available,34.98,127.98,high,low,7,namecheap,,,08/08/2026 16:05
47c1c558-5c3c-41a5-96b0-8d6dac127a1c,frontal.global,available,34.98,127.98,high,low,7,namecheap,,,18/08/2026 16:15
4ba11f91-d239-4a9d-9fa4-9dc87151baae,santa.global,premium,4140.2,51.95,high,low,5,spaceship,,,29/09/2026 19:01
6c1c2626-cacb-4c72-ad87-f0632cb630e6,barterer.global,available,59.99,121.99,high,low,8,name.com,,,22/09/2026 08:58
89a5d6e6-67a2-4189-859e-67b2ed555738,cheese.global,premium,4000.5,53.92,high,low,6,unstoppable,,,28/09/2026 12:55
b413ab2e-f0a5-4b46-9ae8-f26be62a53c3,panties.global,premium,655.52,55.11,high,low,7,porkbun,,,29/09/2026 23:36
a039bb30-73f7-4d66-abf8-4ea9d7338a1e,digression.global,available,46.99,95.99,medium,low,10,namesilo,,,24/09/2026 22:18
8e2ce4fa-f15f-4da1-9e1d-a745521535f7,broderick.global,available,31.25,77.83,high,low,9,spaceship,,,29/09/2026 21:41
4bbf9723-aaad-452f-a0d6-7f09da40d38b,holdup.global,available,46.99,95.99,medium,low,6,namesilo,,,20/09/2026 06:37
787f46d0-1faf-4996-a0f1-0ff19e5b4af2,unfortunate.global,available,46.99,95.99,medium,low,11,namesilo,,,26/09/2026 03:07
17346268-7298-4d7f-8890-3ae820118210,materials.global,premium,2640,80.47,medium,low,9,dynadot,,,28/09/2026 12:42
58517a5b-96d2-4ac1-90ea-e9ad47bad619,stooping.global,available,34.98,127.98,medium,low,8,namecheap,,,21/08/2026 15:34
6835fcb5-5fdf-4b00-a315-5af7f6249652,katari.global,available,34.98,127.98,medium,low,6,namecheap,,,22/08/2026 15:12
5a636526-0b16-4983-bed0-3bffddae4e32,tiro.global,available,46.99,95.99,high,low,4,namesilo,,,23/09/2026 02:28
1af59ef0-2b1a-42c3-9cfb-a5f55fa17f7b,bleeding.global,available,46.99,95.99,high,low,8,namesilo,,,24/09/2026 05:28
f0184a75-0539-47ff-8b4a-8e5dce5ba197,pir.global,available,46.99,95.99,medium,low,3,namesilo,,,30/09/2026 12:35
fbd2c738-82e2-451d-89d5-35b422851a3e,alienation.global,available,34.98,127.98,high,low,10,namecheap,,,18/09/2026 07:35
d3d79515-98f5-41fe-a5b6-09a76bc84f93,auk.global,available,34.98,127.98,medium,low,3,namecheap,,,21/09/2026 04:07
0fe12ca8-96ad-4aa6-b20b-90b46bb5b134,arequipa.global,available,46.99,95.99,medium,low,8,namesilo,,,20/09/2026 03:53
6b408dfd-1bf9-414b-b71d-482fde3c2a06,afrikaans.global,available,34.98,127.98,medium,low,9,namecheap,,,
76b6a50d-5ef1-4cec-aeda-a1236c625406,wayfaring.global,available,34.98,127.98,medium,low,9,namecheap,,,13/09/2026 08:47
b661aeb7-0465-4a25-b4e6-731032746331,canorous.global,available,34.98,127.98,medium,low,8,namecheap,,,11/08/2026 17:35
62883ef1-a15e-4fb5-9d2e-869755a0259d,ovary.global,available,75.2,75.2,high,low,5,cloudflare,,,01/10/2026 03:11
dab9c10e-aaa5-4ea9-b53f-854405f6af12,rimless.global,available,34.98,127.98,medium,low,7,namecheap,,,09/09/2026 17:43
dc8270ee-df6a-468c-9e77-c3e675a94b29,clubbish.global,available,34.98,127.98,low,low,8,namecheap,,,12/08/2026 12:59
f979f1df-94b5-4007-b67c-475efd720ae8,carew.global,available,31.25,77.83,medium,low,5,spaceship,,,30/09/2026 00:59
29015417-f6e0-4351-8f71-2d0955b02b10,guard.global,resell,,,high,low,5,"Spaceship, Inc.",04/12/2023 15:15,04/12/2026 15:15,29/09/2026 21:40
60ca97b1-4337-4e9f-857f-15f337a4fa7a,hewitt.global,available,46.99,95.99,high,low,6,namesilo,,,25/09/2026 15:59
522dd7ef-04d4-49b1-86ff-d6e53972abba,societies.global,available,31.25,77.83,medium,low,9,spaceship,,,30/09/2026 06:42
ad16e1fb-a8ec-43d3-abb0-438916a40471,barrier.global,available,34.98,127.98,medium,low,7,namecheap,,,29/09/2026 01:15
897eace3-3055-4618-baa4-75c87ad70ca5,dipylon.global,available,34.98,127.98,medium,low,7,namecheap,,,14/08/2026 08:43
05608c9f-4e64-45f5-94f6-f045f6349cba,specifics.global,available,31.25,77.83,medium,low,9,spaceship,,,29/09/2026 17:04
ca2ae371-0949-4158-a804-4f29df9c1882,properties.global,premium,5000,,medium,low,10,name.com,,,
2feabc1f-00fc-43ff-949a-3978be943aa8,stationary.global,premium,5200,65,high,low,10,namecheap,,,10/09/2026 19:12
96e2882f-94e8-43fb-8ab2-18c7892b43bb,fledgling.global,available,34.98,127.98,high,low,9,namecheap,,,11/08/2026 14:45
5fa98c5b-da0a-47eb-a151-7b281ad0c4dd,cantabile.global,available,34.98,127.98,medium,low,9,namecheap,,,11/08/2026 17:38
c0ca9bf5-e03f-42a6-9b57-a690b9a1e353,milanese.global,available,34.98,127.98,medium,low,8,namecheap,,,24/08/2026 22:53
6c7f8f74-a6ce-4bc1-b25f-22127f569ced,accidents.global,available,46.99,95.99,medium,low,9,namesilo,,,28/09/2026 05:03
5a658bcf-271b-47e6-8231-651241d348a4,drivers.global,premium,4140.2,51.95,high,low,7,spaceship,,,28/09/2026 03:43
88c134c3-a013-410b-b2b4-4cbaf0967741,camille.global,available,46.99,95.99,high,low,7,namesilo,,,27/09/2026 07:42
445f1b45-c970-4067-ad8f-d5a11e48cdee,practices.global,available,34.98,127.98,medium,low,9,namecheap,,,16/09/2026 19:21
3cbe6b6e-6da7-4ecf-8ec4-c86b83176978,flies.global,premium,3312,53.92,high,low,5,namesilo,,,25/09/2026 06:05
b3e33cf8-4cda-4727-99b6-bcfadbf52c15,sobbing.global,available,75.2,75.2,medium,low,7,cloudflare,,,30/09/2026 02:55
2e7632eb-47ae-40b5-a8dc-ec6e725b927f,medway.global,available,31.25,77.83,medium,low,6,spaceship,,,30/09/2026 21:37
be825414-57b6-4410-a455-2674b489534c,bile.global,available,46.99,95.99,medium,low,4,namesilo,,,23/09/2026 15:41
e34a57de-b42e-47d8-9229-d18b3c09ac3e,formless.global,available,34.98,127.98,medium,low,8,namecheap,,,
ec5fce5c-02b0-428e-a063-51223c70ef6d,assembling.global,available,46.99,95.99,high,low,10,namesilo,,,20/09/2026 16:08
8736664f-7843-4d66-a241-dcfecdcfabff,swain.global,available,46.99,95.99,high,low,5,namesilo,,,22/09/2026 21:56
066f8858-4e9b-4778-bb4b-657ae9ad24dc,beltway.global,available,34.98,127.98,high,low,7,namecheap,,,23/09/2026 07:15
2ba6f128-4d31-4eec-9d02-c06c1b865d8e,stressed.global,available,34.98,127.98,medium,low,8,namecheap,,,10/09/2026 22:30
06e7e44c-c96b-44bb-a3ef-b2330b1ba626,mosquito.global,available,46.99,95.99,medium,low,8,namesilo,,,30/09/2026 05:20
75ddd234-1efa-4999-9834-2786b2413970,brighton.global,available,46.99,95.99,high,low,8,namesilo,,,24/09/2026 10:19
02ad7130-e5e4-4ecf-b6a0-0f8f4893f4c4,geese.global,available,59.99,,medium,low,5,name.com,,,
576efb4e-e85b-44c8-9b23-5dd988e8597b,latex.global,available,46.99,95.99,high,low,5,namesilo,,,29/09/2026 13:16
ee2ca00b-3ff7-4fa3-b006-02adfd23ddfc,flown.global,available,31.25,77.83,medium,low,5,spaceship,,,28/09/2026 17:01
d50f1ccd-0061-450f-ba8b-4e84d55ffe0d,catches.global,available,31.25,77.83,medium,low,7,spaceship,,,28/09/2026 04:27
1ae15afe-38f0-4f5d-98ca-ce15b0243d0e,admass.global,available,46.99,95.99,medium,low,6,namesilo,,,17/09/2026 08:43
9239dd42-43fa-48c0-893b-851354ba9250,eighter.global,available,34.98,127.98,medium,low,7,namecheap,,,
ddf502b1-480c-404f-ab00-7e17cc930a75,supposed.global,available,34.98,127.98,high,low,8,namecheap,,,23/09/2026 20:34
53bdadcd-4a70-4b7f-8ec8-a03513f2a495,bumbling.global,available,34.98,127.98,medium,low,8,namecheap,,,11/08/2026 09:34
80a719af-1c66-402b-8dea-16cd186b9ae0,crepuscule.global,available,34.98,127.98,medium,low,10,namecheap,,,11/09/2026 21:48
79702d19-3849-45b9-8955-db6484f072ae,widows.global,available,31.25,77.83,medium,low,6,spaceship,,,30/09/2026 00:25
f8e9e390-69d9-4abd-b2e0-926a767a8793,temptation.global,available,75.2,75.2,high,low,10,cloudflare,,,28/09/2026 09:41
1e7f8f6e-c39d-48c3-9678-d1c372163e77,perceive.global,available,32.32,80.47,high,low,8,dynadot,,,29/09/2026 20:45
7f7d94af-99d6-42f1-ac2a-31863a6684a8,copies.global,available,46.99,95.99,medium,low,6,namesilo,,,27/09/2026 09:16
d7c27601-af23-40df-8949-4bba23c97c23,chordal.global,available,34.98,127.98,high,low,7,namecheap,,,12/08/2026 07:06
719c5343-ecdc-4839-a177-b357947b020d,leaving.global,available,34.98,127.98,high,low,7,namecheap,,,24/09/2026 22:37
17dfde1a-3532-41e1-bb92-59371a4e858c,magnified.global,available,34.98,127.98,high,low,9,namecheap,,,24/08/2026 13:08
587415c0-0bc9-44bd-91a2-5b4c3387f978,baroness.global,available,46.99,95.99,high,low,8,namesilo,,,22/09/2026 07:21
a40aa76c-b963-4a04-a2f7-d4b7f3797f28,bonham.global,available,34.98,127.98,medium,low,6,namecheap,,,30/09/2026 12:37
9b686745-808b-41e9-ba78-78082c670caf,fan.global,premium,5520,5520,high,medium,3,namesilo,,,23/09/2026 10:11
0c3ab864-9c23-44c8-af4e-f7420d84daec,jiangsu.global,available,46.99,95.99,medium,low,7,namesilo,,,29/09/2026 09:39
e60821f2-3c69-407c-b3f2-8f16c435fc60,aldehyde.global,available,46.99,95.99,high,low,8,namesilo,,,18/09/2026 04:24
9c6907fc-1208-40be-8893-0e72b950d013,koranic.global,available,34.98,127.98,medium,low,7,namecheap,,,22/08/2026 16:59
df7ff493-9e93-4450-b0ab-61c808c74718,wifelike.global,available,34.98,127.98,medium,low,8,namecheap,,,13/09/2026 00:29
48899c4f-44f7-417f-8fd5-7d51eec043c8,cyprinid.global,available,59.99,121.99,medium,low,8,name.com,,,13/08/2026 14:27
bf3f8a77-761e-4595-aa1c-1b2b5c1bc407,involving.global,available,59.99,,medium,low,9,name.com,,,
c9cd4c14-4b98-4c45-9c5f-f57404021dba,piggish.global,available,34.98,127.98,medium,low,7,namecheap,,,21/08/2026 10:18
4b7d363d-772b-421f-ad9c-3b916234d35a,nepalese.global,available,34.98,127.98,medium,low,8,namecheap,,,03/09/2026 15:35
3f80387e-79d0-4e4d-8662-ce6276be194f,carriage.global,available,31.41,77.75,high,low,8,porkbun,,,29/09/2026 00:08
c8bc1ddf-8ea2-4c05-b630-9fd51448ed15,marry.global,premium,5200,65,high,low,5,namecheap,,,13/09/2026 09:36
2ae13991-8baf-4963-b7ea-86b434b47149,subscribed.global,available,34.98,127.98,high,low,10,namecheap,,,11/09/2026 00:41
551b3e3e-86a2-4e78-b781-fbd2b4e6f8a9,gossipy.global,available,34.98,127.98,medium,low,7,namecheap,,,20/08/2026 17:09
b14a6003-7e2e-4c17-8c39-92b65c3deecf,tolerable.global,available,46.99,95.99,medium,low,9,namesilo,,,24/09/2026 16:18
143d4c1e-ed59-4924-9a7e-e9bf33d20f79,his.global,premium,3000,,high,low,3,name.com,,,
0b8b1206-3c61-4680-9896-4469d664f017,goodly.global,available,34.98,127.98,high,low,6,namecheap,,,20/08/2026 16:36
adb3fe7c-27d9-43cd-826e-7b0f6ae41317,sleepless.global,available,34.98,127.98,medium,low,9,namecheap,,,22/08/2026 07:24
af4294cf-da08-45fc-b102-c74319c42740,aerospace.global,premium,5520,53.92,high,low,9,namesilo,,,17/09/2026 13:17
d03a20fe-065b-4922-81e7-84155ed08e61,airdrome.global,available,46.99,95.99,medium,low,8,namesilo,,,17/09/2026 12:57
12dc773a-4e18-47ac-b0a8-e870f7f9eb6d,tractable.global,available,34.98,127.98,medium,low,9,namecheap,,,24/08/2026 15:10
991e7f57-a5d0-42f4-8a46-9450af7e2fb2,teacher.global,premium,3312,53.92,high,low,7,namesilo,,,30/09/2026 00:13
cda12c96-4ff5-4dbd-985b-0155c99a5336,goof.global,available,34.98,127.98,medium,low,4,namecheap,,,24/09/2026 06:18
85de110c-c708-4a7d-b085-068046f027fd,skirt.global,available,46.99,95.99,high,low,5,namesilo,,,29/09/2026 03:43
067f674d-a32e-40ab-b686-aca0ec2ed65d,cultivated.global,available,34.98,127.98,high,low,10,namecheap,,,13/08/2026 10:14
902b7d67-dca9-43e8-85b4-3d3ee2d88b3d,apodous.global,available,34.98,127.98,medium,low,7,namecheap,,,06/08/2026 01:21
c1363050-e507-4170-a693-2a8211a667bf,macgregor.global,available,31.25,77.83,medium,low,9,spaceship,,,28/09/2026 19:47
1b6a64d9-b885-4a9e-8c14-c12bbf3f011d,keynes.global,available,46.99,95.99,medium,low,6,namesilo,,,25/09/2026 23:18
19fa3936-761f-4b1f-ab85-a99b9f7e14f9,demons.global,available,46.99,95.99,low,low,6,namesilo,,,25/09/2026 21:42
10428bbb-6faf-4937-afd4-a983a0c0e2b6,companions.global,available,31.25,77.83,medium,low,10,spaceship,,,29/09/2026 05:19
1ba9ef75-3c54-40f3-bd11-36cdd7e8ac3d,taps.global,premium,2400.5,,high,low,4,unstoppable,,,29/09/2026 20:29
736f1248-3753-4f25-b46e-ae3bb3926272,climbed.global,available,46.99,95.99,medium,low,7,namesilo,,,28/09/2026 08:46
6c75d4f7-6d7d-4c1c-ab46-f5dd1becf900,omissive.global,available,34.98,127.98,medium,low,8,namecheap,,,04/09/2026 02:28
4892670e-e557-465f-9c80-772d8fb4395a,congrats.global,available,59.99,,high,low,8,name.com,,,
056797ac-9428-4081-9b58-e48036ef5582,teaches.global,premium,1560,65,medium,low,7,namecheap,,,28/09/2026 08:58
1403d9da-02ec-4d4a-89a5-b4a5c627e032,monarchal.global,available,34.98,127.98,medium,low,9,namecheap,,,25/08/2026 04:07
f6c9a681-5052-45c3-a58f-78cc7fdfcd1a,bottled.global,available,46.99,95.99,medium,low,7,namesilo,,,29/09/2026 03:12
374998af-8851-496d-af55-ade49d5687b1,frisian.global,available,34.98,127.98,medium,low,7,namecheap,,,18/08/2026 15:59
db8eb03b-76cc-4d41-95fd-83838ae60866,vir.global,premium,5200,65,medium,low,3,namecheap,,,29/09/2026 23:48
49bbd9c4-7fd7-4bc7-af15-2448c74eeddd,cuvier.global,available,46.99,95.99,high,low,6,namesilo,,,22/09/2026 07:06
0f6c65a4-7a4a-48bc-b3ae-182ff352b0ba,creole.global,available,34.98,127.98,high,low,6,namecheap,,,13/08/2026 06:07
92299ea0-d6e1-4a98-bdaf-05df8d7c2f39,deceptive.global,available,34.98,127.98,medium,low,9,namecheap,,,13/08/2026 21:16
bb82934b-befe-4b43-ae3d-45fc9fe11574,leith.global,available,32.32,80.47,medium,low,5,dynadot,,,28/09/2026 16:45
fed014a3-dd93-47b9-a3c1-a4632d128921,cinematic.global,available,34.98,127.98,high,low,9,namecheap,,,12/08/2026 08:13
ac115d47-d9eb-4191-9bbc-9458eeba63cb,nat.global,premium,,,high,low,3,,,,28/09/2026 15:51
aebe7dbe-3f0c-4fd3-b0df-d43b220a0689,quintuple.global,available,34.98,127.98,high,low,9,namecheap,,,18/08/2026 05:54
1f1cab49-4abc-4d7e-80c3-08dd3ec8afa6,numbered.global,available,31.41,77.75,medium,low,8,porkbun,,,29/09/2026 10:20
5903b57c-e6eb-44bb-96a5-386a95d940a6,sevier.global,available,31.25,77.83,high,low,6,spaceship,,,30/09/2026 05:37
bf42085c-ffea-40c8-9c82-ed7779b0199a,unmatched.global,available,34.98,127.98,high,low,9,namecheap,,,25/09/2026 17:47
2853efca-36cf-43e4-8b56-0044183bbe28,slickly.global,available,34.98,127.98,medium,low,7,namecheap,,,14/09/2026 21:36
7789ed6a-8c4c-4b94-8eae-fa34041f6f8d,immigrants.global,premium,,,medium,low,10,,,,29/09/2026 17:14
620aa3ab-e8bb-4fa2-996c-8b00da24773d,enhancement.global,available,46.99,95.99,high,low,11,namesilo,,,30/09/2026 23:26
aacca438-7d15-4a7d-a6cc-347bedfa7d49,dynamical.global,available,34.98,127.98,high,low,9,namecheap,,,14/08/2026 21:57
2c2dfb9d-a773-46ee-89ed-3d07c163693c,newberry.global,available,32.32,80.47,medium,low,8,dynadot,,,28/09/2026 21:39
7d66a88b-206d-4297-b985-b1d8064a80a4,rested.global,available,46.99,95.99,high,low,6,namesilo,,,27/09/2026 12:50
b71232e4-e510-4497-945b-a98d5c48a982,pasty.global,available,34.98,127.98,high,low,5,namecheap,,,20/08/2026 15:21
54223d7c-2e2d-47f6-9606-8512dcb2322b,winless.global,available,34.98,127.98,medium,low,7,namecheap,,,13/09/2026 12:35
c56c5f47-2cb6-4803-8b3a-9bea893a8821,physically.global,available,46.99,95.99,medium,low,10,namesilo,,,19/09/2026 14:53
7ffa9be0-8096-477d-ab89-31fae832c574,anodal.global,available,34.98,127.98,medium,low,6,namecheap,,,
84136098-ecb1-4ed1-9776-a7bcc2c14e90,fundraising.global,premium,4000.5,,high,low,11,unstoppable,,,30/09/2026 14:29
2f596a66-cd1d-43d6-b48f-2936c6d3fa8d,taiwanese.global,available,34.98,127.98,high,low,9,namecheap,,,18/08/2026 12:14
b0e202d5-9972-4a0e-82c4-dd37c6dbd01f,tribade.global,available,34.98,127.98,medium,low,7,namecheap,,,23/08/2026 00:20
cb21aa3b-59fd-49cd-9090-82f323bdf3b5,nigger.global,available,34.98,127.98,high,medium,6,namecheap,,,29/09/2026 19:25
0021bfe8-171f-450d-8347-752c705902a3,pao.global,available,44.5,,high,low,3,unstoppable,,,29/09/2026 09:17
54fc2898-472d-45ca-b6bc-49fc70e4e772,unrealised.global,available,34.98,127.98,medium,low,10,namecheap,,,12/09/2026 11:02
e5e583db-0727-40c8-8b0f-50a908ccb682,relaxant.global,available,34.98,127.98,high,low,8,namecheap,,,09/09/2026 13:22
cd18b8d7-f6b1-4138-a379-6a49d131b0a6,clarence.global,available,34.98,127.98,high,low,8,namecheap,,,27/09/2026 12:32
cb80b33d-82c0-480a-92a6-a15fd5d171d5,apertures.global,available,31.25,77.83,medium,low,9,spaceship,,,30/09/2026 07:45
77fa2864-eabb-4f79-ab8b-cfe2092c2689,cathectic.global,available,34.98,127.98,medium,low,9,namecheap,,,11/08/2026 21:45
3dd5e864-e855-4b33-882f-4347b0d40223,psychological.global,available,46.99,95.99,medium,low,13,namesilo,,,28/09/2026 04:31
4c610f9d-848f-4153-95e9-27abd9ac6647,dyke.global,available,34.98,127.98,medium,low,4,namecheap,,,11/08/2026 11:35
2d59b7ee-c52a-459b-bb50-08dd093943c5,buena.global,available,75.2,75.2,medium,low,5,cloudflare,,,27/09/2026 21:05
c558222f-3b91-44c7-822e-36e3da1490a2,bassoon.global,available,46.99,95.99,medium,low,7,namesilo,,,22/09/2026 12:33
d37b63a3-31bf-4f34-ac98-3cc213d1dac8,grapy.global,available,34.98,127.98,medium,low,5,namecheap,,,20/08/2026 18:07
192c2c39-9565-45ad-bb2f-afcbbcd5cc82,neptune.global,resell,,,high,low,7,,,,29/09/2026 01:43
7a29feb2-7a5e-4a32-b5d3-2cf3aa92603b,csx.global,available,46.99,95.99,high,low,3,namesilo,,,30/09/2026 05:44
93438768-48ff-4ff6-860c-bcaad764e07d,tricolor.global,available,34.98,127.98,medium,low,8,namecheap,,,11/09/2026 19:26
617a395c-cb10-40b6-a84b-72143f90b0e5,diderot.global,available,31.25,77.83,high,low,7,spaceship,,,01/10/2026 01:42
c8f5c777-eae5-4d08-9e6a-f3919c8a1531,midmost.global,available,34.98,127.98,medium,low,7,namecheap,,,24/08/2026 22:29
b3abe06f-bb5b-4c61-a8fe-3ad537125698,rodney.global,available,31.25,77.83,high,low,6,spaceship,,,28/09/2026 03:52
98fb869f-4cff-4004-9124-5ce9e17615ef,denis.global,available,46.99,95.99,high,low,5,namesilo,,,25/09/2026 15:03
e47d41b4-e173-42ef-9416-a661cffc1e50,flood.global,available,44.5,,high,low,5,unstoppable,,,29/09/2026 13:53
40583453-f99a-45fb-a046-2bdf56598075,milch.global,available,34.98,127.98,medium,low,5,namecheap,,,24/08/2026 22:55
0c928d3f-b32e-4e4a-8145-91b7f5289da5,awkward.global,available,46.99,95.99,high,low,7,namesilo,,,22/09/2026 15:31
5e8a75eb-4e6b-41c1-aadd-028844123dc0,pros.global,available,46.99,95.99,medium,low,4,namesilo,,,20/09/2026 10:26
87dabb10-fd2b-4123-bf2b-9633c9bac8eb,whiten.global,available,31.25,77.83,medium,low,6,spaceship,,,28/09/2026 10:28
298a6692-0cd0-4d3d-93a0-1df21d74f900,harmonize.global,available,46.99,95.99,high,low,9,namesilo,,,16/09/2026 22:54
c9a451de-a51c-49f1-ba18-281b3e58ba99,svelte.global,available,34.98,127.98,high,low,6,namecheap,,,24/08/2026 01:16
9b3de1a7-e693-4122-b6c2-da3b3644a956,strident.global,available,34.98,127.98,medium,low,8,namecheap,,,12/08/2026 09:19
383515fc-46b3-4af0-8076-bd99c558384c,abyssinian.global,available,34.98,127.98,high,low,10,namecheap,,,16/09/2026 19:54
c5032f3c-f8e3-4dbf-9f87-48066c1a39cc,anemia.global,available,46.99,95.99,medium,low,6,namesilo,,,19/09/2026 01:16
3813b640-d7c0-48a6-8de4-dcab4cdff1f4,heber.global,available,31.41,77.75,high,low,5,porkbun,,,30/09/2026 22:07
8bb7ff2c-1930-44e7-981b-3fea05751a37,costing.global,available,32.32,80.47,high,low,7,dynadot,,,29/09/2026 18:29
7e99b9cb-adf1-4ef2-bd76-32cded11fc55,groton.global,available,44.5,,medium,low,6,unstoppable,,,29/09/2026 15:07
38e4a47c-286a-44ab-83f8-536a4e7752c7,ampicillin.global,available,46.99,95.99,medium,low,10,namesilo,,,18/09/2026 23:35
21b4e125-0a6a-4914-87a7-772f36ff21bd,capt.global,available,46.99,95.99,high,low,4,namesilo,,,25/09/2026 12:23
70fe0d61-0ff1-4d80-b81d-f5f3af4397b4,eviction.global,available,46.99,95.99,high,low,8,namesilo,,,24/09/2026 17:35
daa4ed5d-46b5-4164-b410-af8e6416a397,participle.global,available,34.98,127.98,medium,low,10,namecheap,,,08/09/2026 02:05
9759ffeb-a5c7-4e25-8df7-15e7e8cef7f6,smartphones.global,premium,4140.2,51.95,high,low,11,spaceship,,,30/09/2026 07:44
734212d8-2c8d-4cb1-a117-0aa7467d2980,lunger.global,available,34.98,127.98,medium,low,6,namecheap,,,12/08/2026 23:06
f7e40f6d-c486-455e-991e-163c917052af,punkie.global,available,46.99,95.99,medium,low,6,namesilo,,,23/09/2026 22:31
fd278101-6ab9-470a-afdf-169ca6a3ba1f,flatter.global,available,46.99,95.99,high,low,7,namesilo,,,29/09/2026 08:22
318adfc9-1adf-422b-b5bb-f94e2cd91006,oaks.global,available,46.99,95.99,medium,low,4,namesilo,,,20/09/2026 04:44
437515fe-388f-4dcd-9a49-61fe68d1fd5f,civilizations.global,available,46.99,95.99,medium,low,13,namesilo,,,01/10/2026 01:05
67fe4704-c25c-409d-a358-29ed7a8ff464,kansas.global,available,75.2,75.2,high,low,6,cloudflare,,,30/09/2026 01:12
5209c798-55cf-4c88-8604-59a76935661f,portable.global,available,46.99,95.99,high,low,8,namesilo,,,27/09/2026 04:40
25af7b9a-0a82-4866-963b-e62442e314f3,cacophonic.global,available,34.98,127.98,low,low,10,namecheap,,,11/08/2026 12:33
c249ea43-a17e-45ae-9c1f-f22402562a7a,yourselves.global,available,59.99,,medium,low,10,name.com,,,
042cb86f-ca82-4c5b-83ba-804c98b769e3,inclined.global,available,31.25,77.83,medium,low,8,spaceship,,,28/09/2026 21:12
81f2c7c5-7522-42f0-8313-968dfafb9cdf,banned.global,available,34.98,127.98,medium,low,6,namecheap,,,08/08/2026 13:44
cf9fa2d5-a811-4b53-b940-69683fa10b94,tagore.global,available,44.5,,medium,low,6,unstoppable,,,30/09/2026 02:38
0d3014f3-53fa-419f-9e59-3061fa3832de,radcliffe.global,available,34.98,127.98,medium,low,9,namecheap,,,27/09/2026 07:53
932e9f48-8efe-41f6-9c9a-aae1a93376bd,bereft.global,available,34.98,127.98,low,low,6,namecheap,,,09/08/2026 15:05
5f141740-608e-40ff-9a7d-6f70c34554eb,starchy.global,available,34.98,127.98,medium,low,7,namecheap,,,11/08/2026 07:29
f110840d-43ed-41d0-9dba-5963949f6e12,petalous.global,available,34.98,127.98,medium,low,8,namecheap,,,08/09/2026 18:15
53867864-38af-4d24-b569-152a353248a5,numerable.global,available,34.98,127.98,medium,low,9,namecheap,,,13/08/2026 03:32
6c027c62-1b18-4370-a7ff-b274af17545d,boleyn.global,available,34.98,127.98,medium,low,6,namecheap,,,19/09/2026 10:12
9ceb7c06-53db-4c50-91e2-3a9b87247af1,pavlovian.global,available,34.98,127.98,medium,low,9,namecheap,,,08/09/2026 10:55
a2909439-923f-4dbc-a1f2-5855657394f0,centrist.global,available,34.98,127.98,high,low,8,namecheap,,,12/08/2026 00:14
da279fcb-7189-4a0c-8304-76e12265ce04,subsonic.global,available,34.98,127.98,medium,low,8,namecheap,,,11/09/2026 00:50
70c3a342-beda-41fc-9a63-07ae5b06ee46,ronan.global,available,31.25,77.83,medium,low,5,spaceship,,,30/09/2026 13:22
cb032ae3-b262-48ba-aa05-5160759e433e,peers.global,premium,1596,53.92,high,low,5,namesilo,,,29/09/2026 16:27
5ca7f12a-8cf6-4a5d-b0b3-7391a6ee7767,mickey.global,premium,750,62.5,high,low,6,name.com,,,25/09/2026 09:22
34bb62f9-43dd-4d34-abd3-5bfcbb2696b4,pasted.global,available,34.98,127.98,high,low,6,namecheap,,,20/08/2026 15:14
6a56105a-4952-40a7-baa4-3dcf3de90b9b,determinant.global,available,75.2,75.2,high,low,11,cloudflare,,,30/09/2026 19:21
133981ed-8d0b-47a5-b073-a97f0c216b76,shelling.global,available,46.99,95.99,medium,low,8,namesilo,,,22/09/2026 08:00
3724db0a-45bd-4526-aab7-61f6bb4d0f91,stockpile.global,available,34.98,127.98,high,low,9,namecheap,,,10/09/2026 20:52
abf0e1bb-16a4-4605-bc0f-0958bf177f4e,unalike.global,available,34.98,127.98,medium,low,7,namecheap,,,12/09/2026 00:26
96dfe36b-28c3-46db-b105-ffc01d53ed0f,soigne.global,available,34.98,127.98,medium,low,6,namecheap,,,10/09/2026 13:28
aef219ab-5d74-4200-9e17-677ebb6da299,gallon.global,available,31.25,77.83,high,low,6,spaceship,,,29/09/2026 10:57
17499acc-47e1-4108-a3cf-ca89c45a12ca,unhinged.global,available,34.98,127.98,medium,low,8,namecheap,,,11/08/2026 01:52
fc82eafc-1637-4260-9df0-36b262849780,cartwright.global,available,34.98,127.98,high,low,10,namecheap,,,30/09/2026 01:00
dc403574-4689-4d79-a291-74c13b4a9af9,bph.global,available,46.99,95.99,high,low,3,namesilo,,,23/09/2026 08:07
99a3957c-ff3d-491d-a5ef-7a80c4271fe2,smiley.global,available,31.25,77.83,high,low,6,spaceship,,,29/09/2026 20:24
e106d52f-2b2b-41fa-851d-6f54aca72fbd,grandfather.global,available,75.2,75.2,high,low,11,cloudflare,,,30/09/2026 22:05
2b31a8f3-4199-4c79-90c7-473befb14e7b,bearish.global,available,34.98,127.98,medium,low,7,namecheap,,,09/08/2026 04:48
1cd0c2e8-cd42-422a-a2a0-a7d569093689,activating.global,available,34.98,127.98,high,low,10,namecheap,,,
c92efa88-a509-46bb-be3d-d3a9b3b4931f,marquette.global,available,46.99,95.99,high,low,9,namesilo,,,25/09/2026 07:53
bc6985bf-c553-46d2-8337-b02f62ef750a,gleaming.global,available,34.98,127.98,high,low,8,namecheap,,,
0624d40f-5fe1-427a-9a3b-58d2d7f7da29,absently.global,available,34.98,127.98,medium,low,8,namecheap,,,13/09/2026 16:41
afbeb1af-fbbe-4150-90e4-85e8620ca1dd,wines.global,premium,5520,53.92,high,low,5,namesilo,,,18/09/2026 10:23
d252587a-4f0b-42bd-a3ab-bdbfeaa07f4e,primordium.global,available,46.99,95.99,medium,low,10,namesilo,,,19/09/2026 09:53
71c8a7c9-03ea-4888-bb8d-eb7747ee69e4,handrail.global,available,46.99,95.99,high,low,8,namesilo,,,22/09/2026 00:31
beb5b77c-4f90-4987-a42d-7575c43e753f,overhand.global,available,34.98,127.98,high,low,8,namecheap,,,04/09/2026 20:09
acdccad0-e7d9-46cf-a9ff-3e95e995bba7,happiest.global,available,46.99,95.99,medium,low,8,namesilo,,,18/09/2026 04:16
ffde7589-e202-4460-9b38-73093d79be10,wartime.global,available,44.5,,medium,low,7,unstoppable,,,30/09/2026 11:19
059fd7a3-0c44-40f8-8b1e-05857614c104,alidade.global,available,34.98,127.98,medium,low,7,namecheap,,,18/09/2026 07:31
daabb48b-8a06-4f54-8fb6-124a4f673127,und.global,available,46.99,95.99,high,low,3,namesilo,,,25/09/2026 11:22
6c395ed3-3ab9-41fe-a45d-2a35c8cee4ef,echoing.global,available,46.99,95.99,high,low,7,namesilo,,,30/09/2026 03:52
bc21cff2-7bcf-4d88-b82e-d64411c8746d,obituary.global,available,46.99,95.99,high,low,8,namesilo,,,29/09/2026 13:33
93dbeb2e-313f-43b7-b608-d9a86dbab700,aloud.global,available,46.99,95.99,high,low,5,namesilo,,,25/09/2026 14:25
0330810c-0122-4040-962b-95a7c0b11e46,tighten.global,available,31.25,77.83,high,low,7,spaceship,,,29/09/2026 14:16
a49c5747-e90e-466c-ad08-2efe74f93c11,puzzle.global,premium,3000,62.5,high,medium,6,name.com,,,21/09/2026 17:28
4d6abc11-3d8e-4019-8a77-2dba51ab17f1,backstairs.global,available,34.98,127.98,medium,low,10,namecheap,,,08/08/2026 06:26
d9bb48fd-52b9-4d12-88c6-5dcac9a5dc4e,silences.global,available,34.98,127.98,low,low,8,namecheap,,,21/09/2026 10:16
b0db6e60-a2fa-4c5d-8d3e-59edff843d47,slowest.global,available,34.98,127.98,medium,low,7,namecheap,,,16/09/2026 02:44
25876049-1e15-4508-8266-802155517e3f,touched.global,available,34.98,127.98,high,low,7,namecheap,,,25/08/2026 09:12
22832c52-dd2e-48ab-a1b8-3fa8bcb8b6d9,wonderland.global,available,46.99,95.99,high,low,10,namesilo,,,29/09/2026 14:10
710a00f0-d8be-4edf-a87f-9b974c031b7e,ray.global,premium,3120,65,high,low,3,namecheap,,,22/09/2026 19:55
75b362a0-7be5-44cb-a49a-f0385a8afaea,printmaking.global,available,32.32,80.47,high,low,11,dynadot,,,30/09/2026 14:30
a1561c31-f6ac-49e8-a3ae-149b1acb44d7,ordain.global,available,34.98,127.98,high,low,6,namecheap,,,12/08/2026 22:27
cb7a2b91-1cde-44de-ac67-15368ea31b77,cents.global,available,34.98,127.98,medium,low,5,namecheap,,,18/09/2026 18:36
ea0042e4-9270-4e11-a5b2-390163434edf,further.global,resell,11845,,high,low,7,"Xiamen ChinaSource Internet Service Co., Ltd",22/04/2024 01:49,22/04/2027 01:49,26/09/2026 06:17
e142b280-b872-4c11-baf9-45810c3400c8,feisty.global,available,34.98,127.98,high,low,6,namecheap,,,18/08/2026 00:45
13f90f55-98af-415a-96de-d2163caefffe,identify.global,premium,1596,53.92,high,low,8,namesilo,,,25/09/2026 12:36
cee5d352-f9c4-4523-bcda-499cea3955fc,cheryl.global,available,46.99,95.99,medium,low,6,namesilo,,,27/09/2026 07:16
3b5a72b5-9453-441d-9b94-877dbac9f962,lots.global,available,46.99,95.99,high,low,4,namesilo,,,28/09/2026 11:29
f546a388-2e3a-4f11-b2d3-43b4340baf52,detachment.global,available,31.25,77.83,high,low,10,spaceship,,,29/09/2026 12:04
0098cbd1-b6f5-4911-ba99-e689ef06c400,squandered.global,available,34.98,127.98,medium,low,10,namecheap,,,10/09/2026 17:24
b7e255da-2b30-4245-a7ce-bc19d48f23c8,mickle.global,available,34.98,127.98,medium,low,6,namecheap,,,25/08/2026 00:32
f36973d4-fb81-4356-9d40-f614c383fdab,lxxxvi.global,available,34.98,127.98,medium,low,6,namecheap,,,
79543f1b-a5a6-4325-a1c1-873daebe153f,berserk.global,available,34.98,127.98,medium,low,7,namecheap,,,
040bdc1f-e932-42fe-a55f-7ee03b98e1df,owners.global,available,34.98,127.98,medium,low,6,namecheap,,,28/09/2026 08:43
c21c5d44-09fb-4901-9ce2-b24deb4bef51,troubles.global,available,46.99,95.99,medium,low,8,namesilo,,,27/09/2026 02:38
878f0753-51ad-456e-9163-ba8532e5caba,honduran.global,available,34.98,127.98,medium,low,8,namecheap,,,21/08/2026 13:17
ed8b3dd4-211e-4b6f-bdb5-f32d7a53bd8a,nonrandom.global,available,34.98,127.98,medium,low,9,namecheap,,,03/09/2026 20:26
f0b0d817-7798-4b02-a8ff-d889895ed0e3,foregone.global,available,34.98,127.98,medium,low,8,namecheap,,,11/08/2026 12:10
c06af3b8-521c-43ed-b143-978b32dd06ca,ramsons.global,available,46.99,95.99,medium,low,7,namesilo,,,18/09/2026 11:34
bcea6a27-2258-418a-a035-f1e82044bbe7,scrabble.global,available,46.99,95.99,high,low,8,namesilo,,,24/09/2026 23:30
587c92a6-73b4-427e-a60d-2a2dc3b52f56,else.global,available,75.2,75.2,high,low,4,cloudflare,,,30/09/2026 23:12
8eda7ab7-af17-4202-bd5e-f9021509ec32,aneroid.global,available,34.98,127.98,medium,low,7,namecheap,,,
10a7a649-bd1a-483a-8909-0aa32a8cf5bf,rangy.global,available,34.98,127.98,medium,low,5,namecheap,,,18/08/2026 20:13
71bb1995-da69-4c74-9e51-24b5fcc3ed01,adding.global,available,59.99,,high,low,6,name.com,,,
a9e7b9d3-64bd-4543-bdcc-8d1798362dc9,plutonium.global,available,46.99,95.99,medium,low,9,namesilo,,,21/09/2026 00:12
0af25b57-f6b4-4ebb-b7c2-997285ac0ca5,cometary.global,available,34.98,127.98,medium,low,8,namecheap,,,12/08/2026 18:56
1a469179-6958-4fdb-8ba2-fde73c47af3b,fizzing.global,available,34.98,127.98,medium,low,7,namecheap,,,18/08/2026 06:02
5d68cc90-41e8-4546-b757-c5243d8f0b6f,diverging.global,available,34.98,127.98,medium,low,9,namecheap,,,14/08/2026 13:37
49d94f18-28f8-48a2-a5b1-3005023b042a,annular.global,available,34.98,127.98,medium,low,7,namecheap,,,
c32ed224-5289-457f-ac2d-123292ddaf3c,havana.global,available,46.99,95.99,high,low,6,namesilo,,,28/09/2026 13:38
854878d6-e8c0-466e-aa1b-8b94804a4c4f,snoopy.global,available,34.98,127.98,medium,low,6,namecheap,,,03/09/2026 21:54
149debeb-df57-4bdc-80d7-f853929c8af6,numeral.global,premium,384,53.92,high,low,7,namesilo,,,03/09/2026 22:50
69ca3c3d-c09d-4593-ad47-1c8e818c4e2b,island.global,resell,,,high,low,6,"Xiamen ChinaSource Internet Service Co., Ltd",06/12/2025 15:15,06/12/2026 15:15,30/09/2026 00:26
b2473c61-eee6-4a44-9485-9ff5b8ad0bd9,gleam.global,available,34.98,127.98,high,low,5,namecheap,,,20/08/2026 14:18
d1dcc269-6d1f-41f4-99a0-9c571c4861fe,truncated.global,available,34.98,127.98,medium,low,9,namecheap,,,11/09/2026 20:42
3b9202f1-ea5c-463f-832f-780f47359d00,auditions.global,available,34.98,127.98,medium,low,9,namecheap,,,30/09/2026 16:27
7254b64a-7d99-422b-bb95-d9c5c49f4d95,offence.global,available,34.98,127.98,medium,low,7,namecheap,,,04/09/2026 01:34
84d7ce92-a0ac-4998-bab4-2ed8d33704cc,barberry.global,available,34.98,127.98,medium,low,8,namecheap,,,22/09/2026 04:51
2abcd890-3c94-433c-be95-c306d2b6ddaf,acceptor.global,available,46.99,95.99,high,low,8,namesilo,,,16/09/2026 22:02
1538ee2e-6cca-4d67-ae08-abc27e98ab3a,factitious.global,available,34.98,127.98,medium,low,10,namecheap,,,17/08/2026 20:27
9b405b0f-a11d-4840-8d49-7f45957e9cc9,sightly.global,available,34.98,127.98,medium,low,7,namecheap,,,10/08/2026 18:49
d9a21b2e-23ca-4d28-8bae-054fbcc37878,snowstorms.global,available,34.98,127.98,low,low,10,namecheap,,,19/09/2026 21:56
269fc5d5-4f17-425a-8b2b-60a1af8f94b0,mps.global,premium,3312,53.92,high,low,3,namesilo,,,27/09/2026 04:47
c7b6f9cc-6bb6-43d2-b357-0925fa9551de,artificially.global,available,44.5,,medium,low,12,unstoppable,,,30/09/2026 12:09
d44a4453-52d5-4438-844c-10b42dd6ea28,nixon.global,available,31.25,77.83,high,low,5,spaceship,,,28/09/2026 10:34
fe723b9c-6f61-481b-bae3-6f3f658d0dbd,diaper.global,available,34.98,127.98,high,low,6,namecheap,,,03/09/2026 13:09
bb8f9764-0fdd-481b-94d2-d4b5cb9729b9,utmost.global,available,46.99,95.99,high,low,6,namesilo,,,24/09/2026 17:09
cbc1fdc9-94ad-4bd1-af6d-56e504256667,untaught.global,available,34.98,127.98,medium,low,8,namecheap,,,12/09/2026 18:56
ab9c747b-c66b-4ac7-b2d3-0e2ae8d4548d,achieved.global,available,34.98,127.98,high,low,8,namecheap,,,28/09/2026 12:45
12af261e-41c8-44ba-94dc-d40b6df9b425,optical.global,available,34.98,127.98,high,low,7,namecheap,,,04/09/2026 00:42
20e32af4-6f77-4d76-b62e-7093d93ad316,catclaw.global,available,46.99,95.99,medium,low,7,namesilo,,,23/09/2026 23:59
96db8e75-b600-4d10-a431-7818f83d8328,kept.global,available,46.99,95.99,high,low,4,namesilo,,,25/09/2026 12:27
552cf09a-6a86-4ff5-b8c4-970a1eb28371,secret.global,premium,3000,62.5,high,medium,6,name.com,,,23/09/2026 14:41
219cc13a-d7ce-4513-b807-4563630f2e6b,makeovers.global,available,46.99,95.99,medium,low,9,namesilo,,,21/09/2026 08:55
34b363e2-8fbc-4223-b268-4f9d051590c0,twenties.global,available,46.99,95.99,high,low,8,namesilo,,,16/09/2026 12:09
204616c7-9b1d-46f2-aad5-fe0db2b04ae9,clinic.global,premium,3120,65,high,low,6,namecheap,,,29/09/2026 10:07
28a3c4ff-eca0-4840-8ee3-5bc144c18737,enterprising.global,available,46.99,95.99,high,low,12,namesilo,,,30/09/2026 02:31
c119743f-c632-4440-92dd-e427545c4f95,bitten.global,available,46.99,95.99,low,low,6,namesilo,,,29/09/2026 10:18
7812930f-0b85-4fc6-86b8-6a630d12d8c7,clonic.global,available,34.98,127.98,medium,low,6,namecheap,,,12/08/2026 12:02
c13fc1d9-bbd1-4b6e-8589-9f1fc7e38e99,unblessed.global,available,34.98,127.98,medium,low,9,namecheap,,,12/09/2026 02:14
73c63f7b-7ad3-4d17-ab06-fee6305c82c8,horsemen.global,available,46.99,95.99,medium,low,8,namesilo,,,30/09/2026 23:19
7d039740-6590-43fd-bdfe-9873556dd6c2,ecumenical.global,available,34.98,127.98,high,low,10,namecheap,,,15/08/2026 04:38
39a512f7-2c8e-4660-97d0-268b5743a73d,numinous.global,available,34.98,127.98,medium,low,8,namecheap,,,03/09/2026 23:01
b242b269-f9fe-4b4e-b069-8c3944171926,saturation.global,available,44.5,,high,low,10,unstoppable,,,30/09/2026 16:43
591b2d03-9db4-4cc4-97e4-489ff12bb8c3,autofocus.global,available,34.98,127.98,high,low,9,namecheap,,,21/09/2026 06:19
3e2ed382-e59a-418f-97fe-44525b002206,earl.global,available,44.5,,high,low,4,unstoppable,,,28/09/2026 05:33
bb067282-7ef6-4f09-baba-2ce85f108f96,gyrate.global,available,34.98,127.98,medium,low,6,namecheap,,,10/09/2026 15:51
d96a9ce0-e603-4e48-9ded-acf7b1446238,portion.global,available,34.98,127.98,high,low,7,namecheap,,,15/09/2026 19:05
73b0a1a5-486a-4f29-abe3-2c6239940712,fruity.global,available,34.98,127.98,high,low,6,namecheap,,,06/08/2026 21:00
f7b791c6-4f3d-485a-970b-cea87ddfa662,beta.global,premium,3000,62.5,high,low,4,name.com,,,09/08/2026 18:05
4ff46181-5ee5-44ae-9606-c311d516a336,amerind.global,available,34.98,127.98,medium,low,7,namecheap,,,
60023f66-ddfb-40a4-aa1b-12c94b8dc899,commercials.global,available,31.25,77.83,medium,low,11,spaceship,,,28/09/2026 13:17
ce6a1150-b6ac-4206-9ead-f2c9ada63aec,truculent.global,available,34.98,127.98,medium,low,9,namecheap,,,11/09/2026 20:29
be054b13-9dd7-4e60-84c1-3a9c72fbbce8,internationally.global,available,59.99,,high,low,15,name.com,,,
2a5f198e-8682-4485-a965-8e449b52f39f,projected.global,available,34.98,127.98,high,low,9,namecheap,,,22/08/2026 14:46
6ea34972-2f4a-4321-83fb-2b24d59e876b,superman.global,available,31.25,77.83,high,low,8,spaceship,,,29/09/2026 00:15
742f76e6-3762-40a0-b30c-fd3116f98884,passes.global,available,34.98,127.98,medium,low,6,namecheap,,,27/09/2026 02:49
c10a6a0f-aec3-4a60-9283-a0d79d198f4f,ane.global,available,34.98,127.98,high,low,3,namecheap,,,
46e53217-0944-46e7-90f6-c20b0a0ec1ae,justice.global,premium,5200,65,high,medium,7,namecheap,,,19/09/2026 10:07
55cb0ef2-f01f-4d31-b198-53f0b9fb37e6,gluey.global,available,34.98,127.98,medium,low,5,namecheap,,,20/08/2026 15:16
4d1892da-76c7-40a8-9c9d-9dedd0c08c4c,beggar.global,available,46.99,95.99,medium,low,6,namesilo,,,23/09/2026 02:08
485dba64-f2a3-4f66-8be3-34342c934225,fights.global,available,46.99,95.99,medium,low,6,namesilo,,,20/09/2026 00:14
f42f40dd-c869-427c-a751-66298161b9d0,sargent.global,available,46.99,95.99,medium,low,7,namesilo,,,27/09/2026 04:36
849701d6-91f4-4d9a-8958-85df465f1032,utilized.global,available,34.98,127.98,medium,low,8,namecheap,,,13/09/2026 00:05
0f727dbc-e85c-466d-b633-d883e148cc05,induced.global,available,34.98,127.98,high,low,7,namecheap,,,22/08/2026 03:27
4b9d6909-caf4-4a98-b041-40c5f07a6110,armament.global,available,46.99,95.99,medium,low,8,namesilo,,,20/09/2026 06:31
993424e5-de35-40ac-9ebc-e7c324454b8b,basiliscus.global,available,34.98,127.98,medium,low,10,namecheap,,,22/09/2026 10:53
1af53368-680b-4a58-a7a8-18713a3e9db8,arborist.global,available,46.99,95.99,medium,low,8,namesilo,,,20/09/2026 00:51
64855ac0-32bc-40f3-8b3c-1a06fca593ac,behemoth.global,premium,768,53.92,high,low,8,namesilo,,,23/09/2026 03:24
597d8b03-de0f-41f6-9dc3-03ab72de0e3c,guatemalan.global,available,34.98,127.98,high,low,10,namecheap,,,20/08/2026 20:45
98738298-22fd-429f-aa12-0d498b2c3288,hanson.global,available,46.99,95.99,high,low,6,namesilo,,,25/09/2026 13:05
e9c8241b-937c-425e-91da-50a046899fc0,arduous.global,available,34.98,127.98,medium,low,7,namecheap,,,06/08/2026 16:40
a23d62f0-1fc8-4fce-9d3e-1f7b28ae4339,tuneful.global,available,34.98,127.98,high,low,7,namecheap,,,24/08/2026 19:43
c8b82c9a-85d8-4485-9000-b906ffb0b56c,ruben.global,available,75.2,75.2,high,low,5,cloudflare,,,29/09/2026 00:07
97d2251f-323c-4a2f-8dc2-8f6a05158c66,whore.global,available,59.99,121.99,high,low,5,name.com,,,13/08/2026 14:16
41355df3-146c-43e6-9d86-b76aed316726,eventual.global,available,44.5,,high,low,8,unstoppable,,,30/09/2026 14:31
3575ca7f-7763-45a5-afb9-10b42c107611,cinnabar.global,available,34.98,127.98,medium,low,8,namecheap,,,12/08/2026 05:49
dfa5394c-3f2d-4518-9762-4f18346c8fbc,mtv.global,premium,,,high,low,3,,,,28/09/2026 03:45
a02c21f7-3bd7-40c2-9bb1-9d9b0823ce5d,eery.global,available,34.98,127.98,medium,low,4,namecheap,,,15/08/2026 12:45
f4ac2670-d3c2-4710-9da1-015cb39985c6,gaming.global,premium,4140.2,51.95,high,low,6,spaceship,,,29/09/2026 20:33
d4680704-38e9-46be-bb09-dfd9808041fc,starters.global,available,34.98,127.98,medium,low,8,namecheap,,,29/09/2026 05:59
56eb2be3-02b6-4ecb-95f9-32aea07211b0,metabolous.global,available,34.98,127.98,medium,low,10,namecheap,,,24/08/2026 21:28
00448628-c754-4842-ade1-a51ce81659c3,fourfold.global,available,34.98,127.98,high,low,8,namecheap,,,18/08/2026 13:28
f6f119c7-04be-4b6e-9d91-06c1f2ba3b3d,tidily.global,available,34.98,127.98,medium,low,6,namecheap,,,16/09/2026 09:05
192ca7a8-2a7f-4a32-bf15-be443e039cc7,pathogenic.global,available,34.98,127.98,medium,low,10,namecheap,,,22/08/2026 04:17
554fb3fc-6dcd-453c-8e94-80a7fbfa0cc2,anzio.global,available,46.99,95.99,medium,low,5,namesilo,,,19/09/2026 16:01
fd967cef-b5ef-4056-bda9-693c1f28abd0,mildly.global,available,34.98,127.98,medium,low,6,namecheap,,,15/09/2026 14:43
edcf1a5a-0c89-4554-8b52-bb061ebd6d3d,primarily.global,available,44.5,,medium,low,9,unstoppable,,,28/09/2026 13:51
96063e75-1702-4687-b4ea-c96ecf45ee88,rajasthan.global,available,46.99,95.99,medium,low,9,namesilo,,,29/09/2026 03:42
be54d25f-822f-430b-8da3-589ed618e066,analytics.global,premium,5200,65,high,low,9,namecheap,,,30/09/2026 16:06
da17c768-9443-474a-82d6-70542e54f624,genic.global,available,34.98,127.98,medium,low,5,namecheap,,,18/08/2026 21:35
3ef276b2-0570-4ed6-99cd-08e1718fa2b8,dollars.global,premium,3312,53.92,high,low,7,namesilo,,,17/09/2026 07:00
320ef464-8846-42af-995e-b28cfa7b0cbf,exacting.global,available,34.98,127.98,medium,low,8,namecheap,,,17/08/2026 15:32
d862b03a-e1f7-4d16-957f-76749b3a9fa8,resurrection.global,available,32.32,80.47,high,low,12,dynadot,,,28/09/2026 16:51
4b706918-d5fb-4144-b761-5294b41abd4b,reserve.global,premium,1500,62.5,high,low,7,name.com,,,06/08/2026 09:16
0c0b5a25-4874-48fa-addb-5919737818e9,cranky.global,available,34.98,127.98,medium,low,6,namecheap,,,13/08/2026 04:53
ceec2cc6-82fb-4e6e-924c-cebc5e1f1e41,syrup.global,available,75.2,75.2,high,low,5,cloudflare,,,28/09/2026 06:44
109d9ad9-9402-47a9-aa0c-1480b2ac6276,fleeing.global,available,46.99,95.99,medium,low,7,namesilo,,,29/09/2026 03:23
99b64e20-a0f7-4bfd-a0e4-0e79099a20c4,tout.global,available,34.98,127.98,high,low,4,namecheap,,,11/08/2026 01:03
76a2090a-d73a-46e1-a5f9-87fbfb13a5ae,zoftig.global,available,34.98,127.98,medium,low,6,namecheap,,,13/09/2026 14:58
f6d2e17c-3dae-4f26-b279-a6c545ce1311,wyandotte.global,available,31.25,77.83,high,low,9,spaceship,,,30/09/2026 20:28
148ad3d8-da7a-48a1-8e31-6975acffa162,algometer.global,available,46.99,95.99,medium,low,9,namesilo,,,18/09/2026 07:11
dedbc1e8-7c15-4648-90cf-6e601ba149a1,existent.global,available,34.98,127.98,medium,low,8,namecheap,,,
40c94694-64e5-455c-8e61-459bc8492119,valueless.global,available,34.98,127.98,medium,low,9,namecheap,,,13/09/2026 01:01
d0e0751c-d808-4d25-bae2-bd892c07a58d,earliest.global,available,46.99,95.99,medium,low,8,namesilo,,,24/09/2026 12:55
54f244a9-0e56-4707-b0dc-0ddb36dee3f0,sissified.global,available,34.98,127.98,medium,low,9,namecheap,,,12/08/2026 08:41
3a6481ba-2ea8-4653-b813-6046d62e5fc0,showering.global,available,59.99,,high,low,9,name.com,,,
221bfe4d-3fdf-4d4d-a81e-c8dfe38637ae,studios.global,available,34.98,127.98,medium,low,7,namecheap,,,18/09/2026 18:25
500b2316-06ac-40af-83a5-532792191a70,addend.global,available,46.99,95.99,medium,low,6,namesilo,,,17/09/2026 06:41
4e4b68da-e646-4e4a-8738-7eb4aa5f172a,blooded.global,available,34.98,127.98,high,low,7,namecheap,,,10/08/2026 15:18
7c3f9c3d-298a-46ac-a2f3-9e3ea7a0e5b5,exothermal.global,available,34.98,127.98,medium,low,10,namecheap,,,17/08/2026 17:47
f04a71d8-08fb-49bc-b525-237d9df0928b,mashed.global,available,31.25,77.83,high,low,6,spaceship,,,30/09/2026 12:00
4308b82b-adeb-4560-8547-6e763ebdfbb3,waxwork.global,available,34.98,127.98,medium,low,7,namecheap,,,18/09/2026 19:16
ddd69e73-5fd0-4e4a-bcd6-4bdeea6f1d27,chengdu.global,premium,1596,53.92,medium,low,7,namesilo,,,30/09/2026 04:52
d2068333-bc81-43f8-bbc2-4a3f45be00b6,massacre.global,available,46.99,95.99,medium,low,8,namesilo,,,28/09/2026 18:34
7b203fae-d8e4-4417-b501-a27e1ad886c5,alleviant.global,available,34.98,127.98,medium,low,9,namecheap,,,04/09/2026 23:46
fadcdf9e-66ba-47f6-a1c7-48e4450acea6,faker.global,available,34.98,127.98,medium,low,5,namecheap,,,09/09/2026 05:01
c433134e-a4cf-45c6-989f-a6ef716103a4,grin.global,available,46.99,95.99,high,low,4,namesilo,,,27/09/2026 23:08
ba725d65-80e6-48c4-a7e4-2cc06fc95372,weighed.global,available,31.25,77.83,medium,low,7,spaceship,,,28/09/2026 12:31
5224dd11-5ae8-4bde-a938-a63822a717ca,vistula.global,available,75.2,75.2,high,low,7,cloudflare,,,30/09/2026 19:05
750bea79-1134-48ad-82d8-29328d36b5e2,exploiting.global,available,46.99,95.99,medium,low,10,namesilo,,,30/09/2026 15:07
8d2ea389-acd6-4a36-bbb1-0b329fec9ae2,silence.global,available,46.99,95.99,high,low,7,namesilo,,,26/09/2026 00:17
d5110268-c28d-45f4-a0d2-77394e6b46f9,ago.global,premium,3312,53.92,high,low,3,namesilo,,,21/09/2026 23:15
8ea2715b-e580-4e8f-acd2-1b8d107c5083,steals.global,available,32.32,80.47,medium,low,6,dynadot,,,28/09/2026 23:24
ba8781fc-77ac-4ac0-a3a1-9fcb13d727cb,weakness.global,available,34.98,127.98,medium,low,8,namecheap,,,17/08/2026 20:45
0cc9b58c-be41-4c3f-ac77-ab7851901056,tolerance.global,available,31.25,77.83,high,low,9,spaceship,,,28/09/2026 20:10
18701a53-b7d8-418a-91e5-17878553f68e,lactating.global,available,34.98,127.98,medium,low,9,namecheap,,,22/08/2026 18:18
69f9fa67-0347-485d-9718-27e9693931c8,indolent.global,available,34.98,127.98,medium,low,8,namecheap,,,17/08/2026 20:53
0ad5a455-62a5-4097-afa8-983ccf5e4f94,whites.global,available,31.25,77.83,high,low,6,spaceship,,,28/09/2026 16:57
f548efab-7d26-4a0a-aae6-43086ef7498a,greased.global,available,34.98,127.98,medium,low,7,namecheap,,,20/08/2026 19:33
358054ec-0d25-41d0-97c3-c0b82b3b4eec,brooding.global,available,34.98,127.98,medium,low,8,namecheap,,,11/08/2026 05:52
9a7f4509-44c8-4869-a75d-4ab31cf7efbe,stylish.global,available,34.98,127.98,high,low,7,namecheap,,,24/09/2026 17:15
afde1900-848d-46cf-a7f5-c7df1fff8f08,booze.global,available,46.99,95.99,medium,low,5,namesilo,,,24/09/2026 07:21
370f7c10-a543-44b6-bbda-c59d8ac25c06,sandford.global,available,75.2,75.2,medium,low,8,cloudflare,,,30/09/2026 13:50
635b30ac-41a5-415a-b2d5-601f03add588,david.global,premium,660,80.47,high,medium,5,dynadot,,,29/09/2026 13:17
d8fc55ec-f772-47fd-8472-6364cb152efa,toupeed.global,available,34.98,127.98,low,low,7,namecheap,,,11/09/2026 18:18
05f8c215-e861-47ef-91cb-35b1387edd9d,empyreal.global,available,34.98,127.98,medium,low,8,namecheap,,,16/08/2026 20:53
0eef6934-683e-49df-922a-9ee465dcdf0c,adient.global,available,34.98,127.98,medium,low,6,namecheap,,,
cd628dc5-5707-43b2-b2e4-240e0410799b,emblazon.global,available,46.99,95.99,medium,low,8,namesilo,,,24/09/2026 05:09
e742b798-e389-4278-9628-456e99e34a9d,indwelling.global,available,34.98,127.98,medium,low,10,namecheap,,,22/08/2026 03:37
eca23505-fbbd-4e39-910b-b53f349ededa,armory.global,available,46.99,95.99,high,low,6,namesilo,,,20/09/2026 07:31
8bca5daa-9acd-45f2-9be8-8be9888c5f80,susurrous.global,available,34.98,127.98,medium,low,9,namecheap,,,03/09/2026 11:24
4a8964f1-5468-4d6a-9943-05c0b9502911,intrastate.global,available,34.98,127.98,high,low,10,namecheap,,,22/08/2026 08:45
c55fb3aa-cd57-433e-a76a-e444c12790aa,geriatric.global,available,34.98,127.98,medium,low,9,namecheap,,,18/08/2026 22:42
2fc9701c-5b18-45be-9ba3-8663fee93241,adjustable.global,available,34.98,127.98,high,low,10,namecheap,,,21/09/2026 18:40
bb01e7ee-0290-4564-b970-66e05b8c1e34,afterlife.global,resell,,,high,low,9,"GoDaddy.com, LLC",13/02/2025 00:33,13/02/2027 00:33,26/09/2026 01:25
f7047372-138f-459a-b4e5-95f40302e458,furred.global,available,34.98,127.98,medium,low,6,namecheap,,,18/08/2026 18:52
e1e3a195-6cf7-4386-9a8c-4d09067cfa5f,carpus.global,available,46.99,95.99,medium,low,6,namesilo,,,20/09/2026 11:32
2d671665-cd4e-41f7-95f5-29f2275261ef,townsville.global,available,44.5,,medium,low,10,unstoppable,,,30/09/2026 22:10
ed0c6764-8c7d-4606-af20-3c485eef475e,marta.global,available,46.99,95.99,high,low,5,namesilo,,,27/09/2026 17:44
13e0a94d-bfe6-4436-88c8-ef31ab3c4828,aside.global,available,31.25,77.83,high,low,5,spaceship,,,28/09/2026 12:23
4cfaf67d-f34c-452f-b34e-dc19b9ea6a44,oswald.global,available,34.98,127.98,high,low,6,namecheap,,,25/09/2026 08:53
910c0d53-f30a-4083-95e4-53da0896a841,resistances.global,available,32.32,80.47,medium,low,11,dynadot,,,01/10/2026 00:39
ba44775e-4a9c-484a-b0c5-d33d3d96f5d0,passionately.global,available,59.99,,high,low,12,name.com,,,
5011699a-aeae-4573-895e-9aa896340bae,surgically.global,available,46.99,95.99,medium,low,10,namesilo,,,16/09/2026 07:41
d53841d7-9719-4520-a3b4-190c1a9023ec,fordham.global,available,46.99,95.99,medium,low,7,namesilo,,,27/09/2026 07:54
f605bf6a-1bd5-4f8f-a4d3-d9bf47a5992e,alternatively.global,available,34.98,127.98,medium,low,13,namecheap,,,16/09/2026 12:44
53463625-3564-4745-b747-0e7c38ee34fa,anathemise.global,available,59.99,121.99,low,low,10,name.com,,,13/08/2026 16:25
c17bca9d-f50a-4419-b78d-6a8d61864aa5,cache.global,premium,2640,80.47,high,low,5,dynadot,,,01/10/2026 01:15
d792b724-b1cf-4e23-a95f-f13d0b968efb,injection.global,available,32.32,80.47,high,low,9,dynadot,,,28/09/2026 06:02
13820ecc-382c-4770-a4e2-51bd8f3b40ea,robotic.global,premium,3312,53.92,high,low,7,namesilo,,,29/09/2026 14:07
d85e21f7-dae9-450b-aa50-95f569e8fcf6,singles.global,premium,,,high,low,7,,,,28/09/2026 20:28
86d64398-1296-4e31-9e04-04164ad56492,quota.global,available,44.5,,high,low,5,unstoppable,,,29/09/2026 07:55
963c4c80-32a9-4fc3-9de0-8d0ddd148e14,foul.global,available,34.98,127.98,high,low,4,namecheap,,,
91828973-7782-438a-8cb2-ae8b2925ae39,endwise.global,available,34.98,127.98,medium,low,7,namecheap,,,14/09/2026 15:37
ebc84b35-3b4a-4df1-ab5a-7eb598f1efd7,heavily.global,available,34.98,127.98,medium,low,7,namecheap,,,21/08/2026 05:28
c3a81afb-dd90-4d2b-b9f2-8a580c99d7db,lsd.global,premium,4000.5,,high,low,3,unstoppable,,,28/09/2026 06:12
98ea58ca-7be5-4b9b-bf7f-4942d1c1556e,exocentric.global,available,34.98,127.98,medium,low,10,namecheap,,,17/08/2026 17:21
2a993586-46c4-483f-93c0-2eb3fb4ff9ca,cooking.global,premium,2620.5,55.11,high,low,7,porkbun,,,28/09/2026 06:07
40f032c6-ed11-4c84-a37a-d936a36ca92c,bartley.global,available,75.2,75.2,medium,low,7,cloudflare,,,30/09/2026 21:53
f8819207-946f-40b3-8b37-03e5f390eb7b,rivera.global,available,46.99,95.99,high,low,6,namesilo,,,25/09/2026 04:54
7b0e83c3-71bd-41de-9eb7-e69320173fd4,altering.global,available,46.99,95.99,high,low,8,namesilo,,,18/09/2026 14:47
952d09b4-763a-4586-9144-a0f3745da5df,ftc.global,premium,3312,53.92,medium,low,3,namesilo,,,28/09/2026 14:08
0064ea35-f383-4ce7-99d2-6ff7b182912c,skipjack.global,available,34.98,127.98,medium,low,8,namecheap,,,20/09/2026 21:35
3d1dd149-469d-4df2-b8d2-d7f0b2945468,greene.global,available,46.99,95.99,high,low,6,namesilo,,,25/09/2026 06:41
8ff66992-f2ae-4dbe-bca7-d32c2d886250,regret.global,available,31.25,77.83,high,low,6,spaceship,,,30/09/2026 09:24
6ea32814-ed28-4abf-9653-9f91d7bf861c,grugru.global,available,46.99,95.99,medium,low,6,namesilo,,,17/09/2026 03:33
66b30a70-69ba-47b2-8bb6-b75d95edc3ca,rearing.global,available,34.98,127.98,high,low,7,namecheap,,,09/09/2026 11:04
0187a190-d7ff-4c46-9929-88bd8be9cef4,arrests.global,available,34.98,127.98,medium,low,7,namecheap,,,20/09/2026 19:12
2b7f3e85-26b2-4633-8f61-09dbdf185d79,pinkerton.global,premium,390,65,high,low,9,namecheap,,,29/09/2026 21:18
47c5fd4a-4405-4f27-9ad0-4ba8eed18e9a,revokable.global,available,34.98,127.98,medium,low,9,namecheap,,,09/09/2026 16:23
9727f5fe-2905-4063-8565-38762c31681d,studious.global,available,34.98,127.98,high,low,8,namecheap,,,10/08/2026 19:10
539c72ee-7edb-46f2-b273-e603b368cb5c,screwed.global,available,46.99,95.99,medium,low,7,namesilo,,,28/09/2026 15:59
9b0efd47-90f2-4d12-bec1-2bbf3daa7910,equity.global,premium,4140.2,51.95,high,low,6,spaceship,,,30/09/2026 01:33
c451770b-1219-4b60-9e4c-54831bfe7296,siblings.global,available,31.25,77.83,medium,low,8,spaceship,,,29/09/2026 10:27
07382f6c-7f08-4c87-9492-888a680e89ae,instructed.global,available,46.99,95.99,medium,low,10,namesilo,,,28/09/2026 04:56
5007af72-ae27-4347-8f32-80d750a9691c,nell.global,available,31.41,77.75,medium,low,4,porkbun,,,28/09/2026 07:53
91c2f1fa-7b10-4520-a71a-83bc12868ca4,torre.global,premium,2620.5,55.11,high,low,5,porkbun,,,28/09/2026 03:40
a6c949ce-9f86-45e3-adfd-811ae3f35406,paperback.global,available,34.98,127.98,high,low,9,namecheap,,,27/09/2026 02:40
7102a4a5-f02a-486f-a859-59555451ab34,mulish.global,available,34.98,127.98,low,low,6,namecheap,,,21/08/2026 00:45
58923a1e-f1fa-44dc-92a1-ce82c6617cc2,miocene.global,available,46.99,95.99,high,low,7,namesilo,,,25/09/2026 23:43
e61688ce-9f88-4736-8cde-5c8091e42c36,shoddy.global,available,34.98,127.98,medium,low,6,namecheap,,,12/08/2026 03:27
38b1aa0e-93f2-44e9-9f20-ae43897e5902,parametric.global,available,34.98,127.98,high,low,10,namecheap,,,08/09/2026 01:01
549c544e-1985-4516-8d51-c22521b7e7ec,unhappy.global,available,46.99,95.99,high,low,7,namesilo,,,24/09/2026 12:43
9963e95b-3ebf-47ac-9e88-3c3a272f2106,browse.global,premium,3312,53.92,high,low,6,namesilo,,,29/09/2026 04:39
407c60c1-4bb7-40e1-b198-02ffee7cef8d,adapted.global,available,34.98,127.98,high,low,7,namecheap,,,21/09/2026 17:02
f6dbd618-c529-4a44-88dc-072775286fb3,wharf.global,available,46.99,95.99,high,low,5,namesilo,,,30/09/2026 06:43
37d7d0e6-3c38-46bb-a115-59eb20ea805e,fries.global,available,46.99,95.99,high,low,5,namesilo,,,24/09/2026 14:42
ae6cf853-6b86-4f01-b435-400390d44e5a,laugh.global,available,75.2,75.2,high,low,5,cloudflare,,,29/09/2026 20:26
2b70f64f-f605-45b0-85d6-80ecc0c8b328,hausen.global,available,46.99,95.99,medium,low,6,namesilo,,,17/09/2026 01:50
06f6dfd7-c7a9-4c4e-b3c9-f8bd92cac9ed,angered.global,available,34.98,127.98,medium,low,7,namecheap,,,
94ce80fa-57c2-455b-8cf8-db070b551c28,wilcox.global,available,46.99,95.99,medium,low,6,namesilo,,,27/09/2026 01:45
b3eba230-7684-4437-8a39-2bcb4f93b3f9,alarum.global,available,34.98,127.98,medium,low,6,namecheap,,,18/09/2026 02:00
42013156-a167-4ff5-af61-ee391f09e9da,helicopters.global,premium,5200,65,low,low,11,namecheap,,,28/09/2026 18:00
bf5ba330-79d6-4125-9bc1-4bcda61ff248,dandily.global,available,34.98,127.98,medium,low,7,namecheap,,,14/09/2026 10:33
8c17c559-36de-40c0-a6e5-ba1ea1b1a3b9,withdrawn.global,available,34.98,127.98,medium,low,9,namecheap,,,22/08/2026 03:25
8cff2cad-661e-4de6-bf80-3ad31b58762e,domesday.global,available,46.99,95.99,medium,low,8,namesilo,,,29/09/2026 09:11
b0e6c2d7-deae-478c-a011-45f628e45d2c,registered.global,available,31.25,77.83,high,low,10,spaceship,,,27/09/2026 11:32
b86edb51-aaf4-429e-8806-cf9d2abbd438,oxygen.global,resell,21319.82,,high,low,6,name.com,,,28/09/2026 23:01
af2f91e0-e9e7-4594-ad2f-56ee235278b1,basting.global,available,46.99,95.99,medium,low,7,namesilo,,,22/09/2026 12:43
6b1152d6-3787-4b1e-b4b9-88df4c954cb4,unsweet.global,available,34.98,127.98,low,low,7,namecheap,,,10/09/2026 01:07
b3a2e311-2736-476f-b089-597db5b63c53,wbc.global,premium,2620.5,55.11,high,low,3,porkbun,,,28/09/2026 14:41
da17fc23-0638-472c-83ed-ce68f3690763,outburst.global,available,49.99,167.99,high,low,8,godaddy,,,30/09/2026 01:27
eac5f33b-fb50-46ff-b07c-509eb90b3c26,bears.global,available,59.99,,high,low,5,name.com,,,
d1bec1f8-f363-4357-8ea0-059d00afe7c9,correspondent.global,available,46.99,95.99,medium,low,13,namesilo,,,29/09/2026 03:16
1df31bcb-b565-4a45-9875-ba76becb706e,manlike.global,available,34.98,127.98,medium,low,7,namecheap,,,24/08/2026 14:48
0a48d521-5a06-4846-8af4-18b625315309,extensible.global,available,34.98,127.98,medium,low,10,namecheap,,,17/08/2026 19:03
56d6d350-fc11-478f-838c-f8ca05690db3,reverend.global,available,34.98,127.98,high,low,8,namecheap,,,09/09/2026 16:06
0da8b8f3-dd37-4d47-8559-5007b2c31195,enkindled.global,available,34.98,127.98,medium,low,9,namecheap,,,17/08/2026 09:31
65491d6e-074f-4018-99e4-a16813e2c9d6,mao.global,premium,5520,53.92,high,low,3,namesilo,,,30/09/2026 03:52
b49ca2b7-42ca-49e3-80a6-bb9c35ac33c6,outdated.global,premium,1596,53.92,medium,low,8,namesilo,,,26/09/2026 03:15
fd4a356d-73d0-4132-8e31-319f86a3bd2c,sumptuous.global,available,34.98,127.98,high,low,9,namecheap,,,14/08/2026 01:02
41792dda-b07a-4c25-b428-5bba661d50eb,implications.global,available,44.5,,medium,low,12,unstoppable,,,29/09/2026 17:18
b8bd09e5-6e2a-412e-9b22-082c3feaeac1,potent.global,available,34.98,127.98,high,low,6,namecheap,,,09/09/2026 00:48
628b2faa-23b1-4ef3-98c8-3e60afd8805c,yesterday.global,available,46.99,95.99,high,low,9,namesilo,,,28/09/2026 16:50
b20f0e02-8e4e-4217-b1a1-575b8485074b,scenes.global,available,46.99,95.99,medium,low,6,namesilo,,,18/09/2026 15:27
c485b450-a4d6-43a2-a7d5-4e37a8a8129b,barbu.global,available,46.99,95.99,medium,low,5,namesilo,,,22/09/2026 05:04
5fa4b27e-5d96-426b-976a-42ce629559b9,slugger.global,available,59.99,121.99,high,low,7,name.com,,,22/09/2026 14:18
aee836e5-968c-4717-b03b-7111ee944a98,dmitry.global,available,46.99,95.99,high,low,6,namesilo,,,29/09/2026 15:33
f4ba9196-49ae-4179-916e-04bc8d4a929c,thirty.global,available,34.98,127.98,high,low,6,namecheap,,,
b4687b95-38ac-4030-ac16-522d40de9296,pulp.global,available,31.25,77.83,high,low,4,spaceship,,,29/09/2026 07:38
543d33c0-7d01-4c28-9677-14a60d5622f0,modest.global,available,46.99,95.99,high,low,6,namesilo,,,25/09/2026 06:33
8e999b5f-2da5-4106-b767-2ce9e13d1c1e,haul.global,available,31.25,77.83,high,low,4,spaceship,,,27/09/2026 12:17
f1584907-b54b-4856-b9f0-1123adfaad25,foote.global,available,32.32,80.47,medium,low,5,dynadot,,,28/09/2026 08:03
0c6845a0-29b8-402c-a6b3-6bcf0949b28f,merge.global,resell,,,high,low,5,,,,29/09/2026 01:02
4fae55df-a8e5-4136-9d84-86ab9687dbe7,colleges.global,premium,1200.5,,medium,low,8,unstoppable,,,29/09/2026 05:34
c0e54f45-8bbe-49f3-859a-9ee451af2d52,expository.global,available,34.98,127.98,medium,low,10,namecheap,,,17/08/2026 18:39
565e1a14-6fd9-4f33-8b20-d42d71c0531e,taradiddle.global,available,46.99,95.99,medium,low,10,namesilo,,,21/09/2026 23:52
b2c39104-cf06-4bcc-bbeb-93bec1e75969,mayonnaise.global,available,31.25,77.83,high,low,10,spaceship,,,01/10/2026 02:59
4520773c-614e-4f39-9398-df083d03cdf7,snatch.global,available,46.99,95.99,high,low,6,namesilo,,,19/09/2026 14:54
e7e8215b-7392-4cde-af4c-f778c6cd4a76,intrigued.global,available,34.98,127.98,medium,low,9,namecheap,,,30/09/2026 00:46
8bfeedbc-1833-401e-a018-415ef02dc9c5,wehrmacht.global,available,46.99,95.99,medium,low,9,namesilo,,,28/09/2026 16:22
2300c386-e9b8-4d90-8ae6-8da32f623695,laurence.global,available,75.2,75.2,high,low,8,cloudflare,,,30/09/2026 06:35
8f0f3370-596b-40d1-81f8-3f6a9011cd3c,overtly.global,available,34.98,127.98,medium,low,7,namecheap,,,15/09/2026 18:31
554d6490-db8a-4ee6-ba54-c94b14b7779e,softback.global,available,34.98,127.98,high,low,8,namecheap,,,05/09/2026 01:13
f515d4be-48e3-491c-9016-20f9d4222cf5,truthfully.global,available,46.99,95.99,medium,low,10,namesilo,,,16/09/2026 09:34
7229700a-2210-40e0-9c86-4277dc81f36c,congenital.global,available,34.98,127.98,medium,low,10,namecheap,,,12/08/2026 21:40
604d71bf-a8f5-4556-85e7-43f460cc3bb2,denison.global,available,31.25,77.83,medium,low,7,spaceship,,,28/09/2026 08:06
162519a4-5a6e-4385-8736-56d86572ad1b,archduke.global,available,46.99,95.99,medium,low,8,namesilo,,,20/09/2026 01:54
0924db34-8f21-4aa6-b5ea-f3048e3f20c5,multiform.global,available,34.98,127.98,high,low,9,namecheap,,,03/09/2026 10:41
af8d10c0-fca2-41ad-bcfa-2ea5ad2a3ed0,lille.global,available,31.25,77.83,high,low,5,spaceship,,,28/09/2026 06:10
df9493dd-ad84-4601-9ed2-44953180b88b,hayley.global,available,31.25,77.83,high,low,6,spaceship,,,30/09/2026 13:14
5933d09a-bb88-496c-b566-90083e079743,effected.global,available,34.98,127.98,medium,low,8,namecheap,,,15/08/2026 14:18
216a2cf2-296c-4464-a34d-f0819cbfa05e,salon.global,premium,5520,53.92,high,low,5,namesilo,,,22/09/2026 22:23
98b5f3f0-9663-4282-947e-5fd5e4800fc2,outrageous.global,available,34.98,127.98,medium,low,10,namecheap,,,17/08/2026 17:38
a4e59186-83d2-4702-ae26-863ee25e3515,congratulate.global,available,75.2,75.2,high,low,12,cloudflare,,,29/09/2026 03:02
44439730-068f-490d-bd20-1a1bdb281a69,uphill.global,available,34.98,127.98,medium,low,6,namecheap,,,
1c8f295f-1710-4475-b39a-aeb73ec4f151,zirconium.global,available,46.99,95.99,medium,low,9,namesilo,,,20/09/2026 23:04
3d02e795-6148-4888-8669-23300138d644,biped.global,available,34.98,127.98,high,low,5,namecheap,,,10/08/2026 05:14
e239171e-f416-40b5-a293-4ccdceb98d49,neighbours.global,available,46.99,95.99,medium,low,10,namesilo,,,18/09/2026 07:42
47bceda0-c4b1-44c3-9d68-0f94f4e5a090,synthesized.global,available,59.99,121.99,medium,low,11,name.com,,,17/09/2026 19:35
23ca5457-3b8d-41de-91af-2e4a77f12a87,bowhead.global,available,34.98,127.98,medium,low,7,namecheap,,,21/09/2026 20:32
30386fb6-7fb9-4b2d-8796-b19e03aca861,allsorts.global,available,34.98,127.98,low,low,9,namecheap,,,16/09/2026 05:53
5577afdc-147e-4c59-8beb-b9f35c75b2a4,whereas.global,available,44.5,,high,low,7,unstoppable,,,01/10/2026 00:02
bb1b09df-7bc2-451d-934a-1f4ba9bc3ebf,mirthful.global,available,34.98,127.98,high,low,8,namecheap,,,12/08/2026 19:00
995f54bb-30d4-4824-925a-ed94f6421eaf,becomes.global,available,46.99,95.99,medium,low,7,namesilo,,,27/09/2026 10:31
15c50fb1-3284-4ada-81ee-0374eecf108b,verbose.global,available,34.98,127.98,medium,low,7,namecheap,,,24/08/2026 09:27
a4c6c97c-9986-46c2-ba3b-74e8d6b06442,frowning.global,available,34.98,127.98,medium,low,8,namecheap,,,18/08/2026 16:40
7145953f-f56a-440c-a9ee-80075bc65184,why.global,premium,5520,53.92,high,low,3,namesilo,,,25/09/2026 10:59
44c201c5-fd50-461f-a679-bb75dd287554,highborn.global,available,34.98,127.98,medium,low,8,namecheap,,,13/08/2026 01:48
1fc42284-36c8-40bf-9a6d-24269631c278,successfully.global,available,31.25,77.83,high,low,12,spaceship,,,01/10/2026 05:17
1b4c667b-9a20-45e3-ac72-a299da88143c,limp.global,available,34.98,127.98,medium,low,4,namecheap,,,23/08/2026 12:39
15041bea-fa6d-489c-9682-4fe54cd9270a,asparagus.global,available,46.99,95.99,high,low,9,namesilo,,,20/09/2026 14:40
1d57043c-1eac-4a38-8a95-ea72aa6dc8f9,debile.global,available,59.99,121.99,medium,low,6,name.com,,,13/08/2026 20:28
44284dab-1e32-4303-92cd-570d8372ef45,knotty.global,available,34.98,127.98,medium,low,6,namecheap,,,08/08/2026 08:12
edf053df-9f7d-4d5e-b312-2598aee12b84,apostrophe.global,available,34.98,127.98,high,low,10,namecheap,,,19/09/2026 19:30
025101fa-a09b-430a-a5ee-8a0c594c123f,timed.global,available,34.98,127.98,high,low,5,namecheap,,,11/09/2026 16:00
25f33b44-9b77-4b23-957e-7fdc8d7eb6d4,boyce.global,available,46.99,95.99,medium,low,5,namesilo,,,28/09/2026 11:42
eb19403c-100c-47db-afa4-c7d107e607ec,georgians.global,available,34.98,127.98,medium,low,9,namecheap,,,01/10/2026 01:07
5a395d66-37a5-434e-a91e-7e8ba17db3e5,aqueous.global,available,34.98,127.98,medium,low,7,namecheap,,,06/08/2026 10:50
3acf4429-2c52-4372-93f1-130c35a6aa27,surgeons.global,available,31.41,77.75,medium,low,8,porkbun,,,28/09/2026 17:27
f32e0678-a7b0-46c9-ab89-78bd6975c70a,parody.global,available,46.99,95.99,high,low,6,namesilo,,,23/09/2026 11:34
479a42b1-334b-4066-bf06-4a7d4489d873,seasonally.global,available,34.98,127.98,medium,low,10,namecheap,,,16/09/2026 00:48
fb798901-69ba-414c-abc7-7c43157aff74,respective.global,available,46.99,95.99,medium,low,10,namesilo,,,30/09/2026 14:27
ec95720d-fe0b-4293-9d64-f77dcc932655,ancestors.global,available,44.5,,medium,low,9,unstoppable,,,28/09/2026 08:45
c1f26dca-e537-4ab6-9436-16f29fae7254,peroxide.global,available,75.2,75.2,high,low,8,cloudflare,,,01/10/2026 02:39
903f5cd5-9ddb-41c1-afe7-4bdf61b29766,speckless.global,available,34.98,127.98,medium,low,9,namecheap,,,21/08/2026 20:42
fa208b0c-b10a-46d3-b5b8-352ae6b62d18,chevalier.global,available,34.98,127.98,high,low,9,namecheap,,,11/08/2026 22:49
7da538cb-3210-466e-918f-1aebd5b6578c,compared.global,available,34.98,127.98,medium,low,8,namecheap,,,27/09/2026 09:01
a84d423d-d421-4748-a2e5-3944e85a4fa1,internship.global,available,44.5,,high,low,10,unstoppable,,,28/09/2026 10:09
7d4892d0-5eeb-4571-ab1d-7e5b7b057c77,proud.global,available,46.99,95.99,high,low,5,namesilo,,,27/09/2026 07:46
61861daf-b86a-4628-bb75-cf0964cc1036,deduction.global,available,34.98,127.98,high,low,9,namecheap,,,30/09/2026 09:21
fe697d05-baf1-43f6-925e-cb72f21d8132,incubation.global,available,34.98,127.98,high,low,10,namecheap,,,11/08/2026 06:10
201422f8-1857-44a6-9aab-1a8573ebb62b,agronomist.global,available,34.98,127.98,medium,low,10,namecheap,,,17/09/2026 19:41
f71bf9cc-89ec-464c-a7af-8ac411acd90e,wordsworth.global,available,46.99,95.99,medium,low,10,namesilo,,,28/09/2026 15:34
1f740ca7-5540-4c16-a68a-a775b33fc55f,pocketable.global,available,34.98,127.98,medium,low,10,namecheap,,,08/09/2026 22:20
69b428e6-8d79-48bf-a839-ece33c97ba05,min.global,premium,3000,62.5,high,low,3,name.com,,,25/08/2026 00:58
54cc3352-342f-4b13-9e18-78021853e3b8,caparison.global,available,34.98,127.98,medium,low,9,namecheap,,,22/09/2026 05:11
200c71f2-b99d-4041-b435-4ae1804d7579,disturb.global,available,31.25,77.83,high,low,7,spaceship,,,30/09/2026 14:01
7e57c411-43da-412a-9490-4bd0237af95e,skype.global,available,,,high,medium,5,,,,
c19ce66e-f418-451e-8b7b-fd75a8ca961b,bye.global,premium,3312,53.92,high,low,3,namesilo,,,28/09/2026 18:38
6f91ec7c-3b90-42e7-be30-c2745e6daf3b,transferred.global,available,31.25,77.83,medium,low,11,spaceship,,,27/09/2026 22:38
ce1f667d-1e5a-4675-8df6-3a630675587a,romanians.global,available,44.5,,medium,low,9,unstoppable,,,30/09/2026 00:08
f42a3964-aedf-4f4f-92e8-66a7e8375e0f,dutiful.global,available,34.98,127.98,medium,low,7,namecheap,,,14/08/2026 21:39
0b4c106b-f9d7-42f6-85d2-0729104cbebe,sellers.global,available,75.2,75.2,high,low,7,cloudflare,,,29/09/2026 13:41
f3d05b2d-3a2e-4570-b3d8-c81d50d987f7,diagonally.global,available,34.98,127.98,medium,low,10,namecheap,,,14/09/2026 12:34
4622dce6-5874-4473-b9bf-10e2658d5e22,mikhail.global,available,34.98,127.98,medium,low,7,namecheap,,,26/09/2026 03:33
987590c7-49e6-498c-86ea-19d7c9c772f8,anglerfish.global,available,34.98,127.98,medium,low,10,namecheap,,,18/09/2026 11:41
1380cc34-7037-4785-9fdf-480db3abdbbf,hottest.global,available,46.99,95.99,medium,low,7,namesilo,,,28/09/2026 13:20
9c833e70-1f6c-494b-9a2c-767c842cb9b6,address.global,available,31.41,77.75,high,low,7,porkbun,,,28/09/2026 06:48
799e8c69-c781-445a-be0a-d900a58f2ec2,retroflex.global,available,34.98,127.98,medium,low,9,namecheap,,,11/08/2026 12:37
027af502-42e5-4282-bda1-f97f3292b8b2,atrocities.global,available,46.99,95.99,low,low,10,namesilo,,,30/09/2026 16:10
837ea2e7-50c1-4aea-abbf-ab6180b29409,toed.global,available,34.98,127.98,medium,low,4,namecheap,,,11/09/2026 16:41
3786ecfe-fc15-4fa2-a356-21e8e723d0d4,luciano.global,available,46.99,95.99,medium,low,7,namesilo,,,29/09/2026 05:56
8b13b35b-e458-464e-aeea-8214ff09b84b,protester.global,available,34.98,127.98,medium,low,9,namecheap,,,14/08/2026 12:41
7a94c867-e2df-46a6-9830-dea26d7bf7e1,valueable.global,available,59.99,,medium,low,9,name.com,,,
63325a40-760d-402c-9874-7f20e0fa05d6,madagascan.global,available,34.98,127.98,medium,low,10,namecheap,,,24/08/2026 12:55
a491230a-71e5-4460-96a0-d4f1e4876689,thwart.global,available,34.98,127.98,medium,low,6,namecheap,,,09/09/2026 08:15
50bf8883-1873-464d-94d2-81e462feea9f,bounced.global,available,31.25,77.83,medium,low,7,spaceship,,,29/09/2026 17:31
a67600ef-ebfe-42f5-8796-010767da820f,colorful.global,available,34.98,127.98,high,low,8,namecheap,,,12/08/2026 17:48
edad2453-a321-42cb-a16c-9188c8133476,libby.global,available,46.99,95.99,high,low,5,namesilo,,,28/09/2026 02:15
4e27dfb8-ad63-46b8-8bcf-7f548b47e229,javan.global,available,34.98,127.98,high,low,5,namecheap,,,22/08/2026 12:30
7145b07c-1fc3-404a-bb2c-30b4ee6e26ea,emollient.global,available,34.98,127.98,medium,low,9,namecheap,,,14/08/2026 01:39
a01be539-be8d-4beb-b165-d19ed9c14f71,downstream.global,available,34.98,127.98,high,low,10,namecheap,,,14/08/2026 17:59
66356985-ea86-45b0-a4a8-bf43cbf36187,choc.global,premium,600.5,,high,low,4,unstoppable,,,29/09/2026 08:48
fa510076-7a74-4eb2-92a1-bad95a6315ca,quartz.global,available,31.25,77.83,high,low,6,spaceship,,,30/09/2026 10:24
08dfaeda-85a9-4eb1-afbe-9490eefdbe3f,sibley.global,available,75.2,75.2,medium,low,6,cloudflare,,,28/09/2026 22:18
692c90e4-59eb-4b59-abdd-6af095754567,kissinger.global,available,31.25,77.83,medium,low,9,spaceship,,,28/09/2026 10:01
c4629554-9327-4f6e-a7d8-1acd33b40b82,sink.global,available,34.98,127.98,high,low,4,namecheap,,,29/09/2026 07:50
f1b528f7-0009-4ece-a4a7-5ff2a4623929,dss.global,premium,3120,65,high,medium,3,namecheap,,,30/09/2026 13:05
c7b345cd-ef8a-4c72-8a56-06377ca8b4ae,airhead.global,available,34.98,127.98,high,low,7,namecheap,,,17/09/2026 23:11
7be444ba-9d02-452e-9ede-676dbca0aa8d,polynesian.global,available,34.98,127.98,high,low,10,namecheap,,,24/08/2026 13:48
e67d6804-f3c1-4011-b359-bd115e442db4,azo.global,available,,,high,low,3,,,,
9bd7e38d-7283-4d28-9859-810175b013b8,man.global,premium,5520,53.92,high,low,3,namesilo,,,25/09/2026 06:28
74914f5e-74f0-4fea-860b-8bfefaeceec9,indisposed.global,available,34.98,127.98,medium,low,10,namecheap,,,
55b4c81e-e08d-4437-a000-8e72f6e86b3c,lviv.global,available,31.25,77.83,medium,low,4,spaceship,,,30/09/2026 21:20
b54dd7b8-ce95-4380-8ab0-a77178b3db03,yamani.global,available,34.98,127.98,medium,low,6,namecheap,,,17/09/2026 20:29
1d40608e-716b-44af-90af-2198cd8c2a05,unblended.global,available,34.98,127.98,medium,low,9,namecheap,,,12/09/2026 02:12
49094d88-b8c0-4e87-92ad-0ba5f5323006,lallygag.global,available,34.98,127.98,medium,low,8,namecheap,,,11/09/2026 08:33
60e08a10-b1ca-441c-8efd-dda606ca42ae,formosan.global,available,34.98,127.98,high,low,8,namecheap,,,18/08/2026 12:16
2267715d-4185-4976-8c03-8e2a483bd092,coincident.global,available,34.98,127.98,medium,low,10,namecheap,,,12/08/2026 13:18
e1906e2f-421f-467d-a126-b3faa94b153b,checks.global,available,34.98,127.98,medium,low,6,namecheap,,,25/09/2026 20:11
1befd666-63fb-4a54-9d7e-a5b4b0ad8c0b,briskly.global,available,34.98,127.98,medium,low,7,namecheap,,,14/09/2026 01:33
ab81e4c1-e6b0-4dc6-bd84-5eeb8aba7238,happens.global,available,59.99,,medium,low,7,name.com,,,
807be06e-1d24-4aca-bb69-6643b2cf47d5,auricle.global,available,59.99,121.99,medium,low,7,name.com,,,21/09/2026 00:43
56b57401-113f-457f-828b-be54abbd44af,jacks.global,available,31.25,77.83,high,low,5,spaceship,,,30/09/2026 00:29
b8a01138-165c-4176-b6c3-893dc74f65e5,apophatic.global,available,34.98,127.98,medium,low,9,namecheap,,,06/08/2026 02:27
578ed88d-9c3a-4019-bc51-f711b4a5923f,nlrb.global,available,31.25,77.83,medium,low,4,spaceship,,,29/09/2026 13:32
4f5f7c49-c08a-4976-91ff-744c0d691851,publisher.global,premium,2484.2,51.95,high,low,9,spaceship,,,28/09/2026 10:33
f3e29f3e-03ac-4084-8853-28f5d87fca44,ointment.global,available,34.98,127.98,high,low,8,namecheap,,,16/08/2026 15:54
e3ee6673-633c-4403-9ab6-dbae92bdef5b,smiles.global,available,31.25,77.83,high,low,6,spaceship,,,28/09/2026 22:27
3cecad5c-7e8b-4c98-bfcc-b4d44437af9e,anabaptist.global,available,46.99,95.99,medium,low,10,namesilo,,,19/09/2026 00:49
f4e281e8-758f-4ab9-977c-1d4ca9645666,orangutan.global,available,46.99,95.99,high,low,9,namesilo,,,30/09/2026 06:10
7976ef2a-750d-4d73-b44a-23538dcb200d,boneless.global,available,34.98,127.98,medium,low,8,namecheap,,,10/08/2026 18:38
aa339456-7dba-4e29-b20c-83843b653d05,dodge.global,available,49.99,167.99,high,low,5,godaddy,,,28/09/2026 01:47
626813af-2c8b-4f17-9916-8719e04c68b6,bengali.global,available,34.98,127.98,medium,low,7,namecheap,,,09/08/2026 14:29
4330dac7-f862-4a4a-be70-c0eeae50e0b0,danseuse.global,available,46.99,95.99,medium,low,8,namesilo,,,21/09/2026 22:50
1a2fe1ea-a283-49b1-af6d-f0b6b4e7ffd4,foreigners.global,available,44.5,,medium,low,10,unstoppable,,,28/09/2026 23:22
ac558862-51d0-4a24-9caf-2b3cab97c92a,berretta.global,available,46.99,95.99,low,low,8,namesilo,,,23/09/2026 10:07
439c8202-d1fd-4e70-bb22-cb29cb670d22,litigate.global,available,46.99,95.99,medium,low,8,namesilo,,,17/09/2026 05:06
6b36aead-1686-4628-b89a-054e6065499b,nonpublic.global,available,34.98,127.98,medium,low,9,namecheap,,,03/09/2026 20:20
7ad09add-7bb3-4c2a-9a47-5864a4b0aa46,cloudiness.global,available,34.98,127.98,medium,low,10,namecheap,,,04/09/2026 20:28
f11f3f2b-bb00-481c-a2fc-c53764ff49b7,patriotism.global,available,44.5,,high,low,10,unstoppable,,,30/09/2026 05:24
ed88574a-b283-4dc2-b4ae-7120ac70f431,legalise.global,available,34.98,127.98,high,low,8,namecheap,,,22/08/2026 23:07
dc9489f5-b857-4068-b4f8-4a92bc22eb0f,dissolved.global,available,34.98,127.98,medium,low,9,namecheap,,,14/08/2026 12:56
4f3e348e-237b-42a8-93bd-f5a30a777c65,arethusa.global,available,46.99,95.99,medium,low,8,namesilo,,,20/09/2026 04:04
3c0f35f1-4c76-4a3e-9cd1-eef2cb9e54e0,assigning.global,available,46.99,95.99,high,low,9,namesilo,,,20/09/2026 16:26
95365432-9af7-4caf-8848-2fc7e74a08a5,bromley.global,available,44.5,,medium,low,7,unstoppable,,,28/09/2026 17:16
cd103916-5f28-492f-91c0-142c3a4940cd,outraged.global,available,34.98,127.98,medium,low,8,namecheap,,,22/08/2026 01:03
b597a907-cff3-4e4c-a5de-3e18fe5b791d,xxxiii.global,available,34.98,127.98,medium,low,6,namecheap,,,
71b2405d-5411-4bce-a61e-f7ecda10406f,alkane.global,available,46.99,95.99,medium,low,6,namesilo,,,18/09/2026 08:24
b7adc3e0-bd6e-4f94-9b8d-aae4d115f1a0,barony.global,available,34.98,127.98,medium,low,6,namecheap,,,22/09/2026 07:36
b810988c-32ee-4ab8-9d01-f7020cf5f723,narrow.global,available,34.98,127.98,high,low,6,namecheap,,,03/09/2026 13:22
2ca0c72f-a955-42c7-8c05-101cb74b6a78,nantucket.global,available,31.41,77.75,medium,low,9,porkbun,,,28/09/2026 19:57
741e9de8-29ad-4012-a43a-2feb86319f91,concentrating.global,available,31.25,77.83,low,low,13,spaceship,,,29/09/2026 11:35
4203bb59-9d69-4d10-9285-c1c7b22ed6d4,pennyroyal.global,available,34.98,127.98,medium,low,10,namecheap,,,18/09/2026 20:31
7d03f79f-e7fb-48d7-935d-ee9ac5100a45,successful.global,available,75.2,75.2,high,low,10,cloudflare,,,28/09/2026 01:49
9e23452b-6796-4f17-b6e1-57be2d1f7d87,makings.global,available,34.98,127.98,high,low,7,namecheap,,,20/09/2026 04:27
facf8373-e385-4753-9403-d84be0357d7c,falmouth.global,available,44.5,,medium,low,8,unstoppable,,,28/09/2026 07:50
7d283618-3d47-4dfd-b229-54978b1ffac1,craniate.global,available,34.98,127.98,medium,low,8,namecheap,,,13/09/2026 04:37
e7913706-1c33-4160-8820-d7ab4d802ab0,bitumen.global,available,46.99,95.99,medium,low,7,namesilo,,,23/09/2026 23:13
d6d3ab34-9e0a-4134-b34d-41d9f7194253,asimov.global,available,46.99,95.99,high,low,6,namesilo,,,20/09/2026 14:15
b943ed57-07e5-4160-8fa3-b417a469b2b2,watertight.global,available,34.98,127.98,high,low,10,namecheap,,,11/08/2026 08:34
9a1c706e-78aa-4ea6-b66d-831d3cce58eb,addressed.global,available,34.98,127.98,high,low,9,namecheap,,,
a3ffe020-a6e7-45bc-b00a-2267c08bbcd8,heel.global,available,75.2,75.2,medium,low,4,cloudflare,,,29/09/2026 02:57
1bb05fc6-4c2d-4f12-9ae9-91c9816868dc,weaned.global,available,34.98,127.98,medium,low,6,namecheap,,,13/09/2026 08:53
b6456173-d6f8-49a9-b93a-52938396610b,intercultural.global,available,59.99,,high,low,13,name.com,,,
7a94edd2-975d-4d4d-85c0-6f4a64a2adef,poles.global,available,46.99,95.99,medium,low,5,namesilo,,,29/09/2026 10:31
249e7c3a-288a-48f0-a2ed-6ac3bda341a2,tenured.global,available,34.98,127.98,high,low,7,namecheap,,,11/09/2026 11:43
3cc2eda2-9979-4202-a29c-76144fcbfe1d,nineteen.global,available,46.99,95.99,high,low,8,namesilo,,,21/09/2026 12:05
f95bca71-d190-4082-9106-59267ba0def0,acerose.global,available,34.98,127.98,medium,low,7,namecheap,,,
5260917c-89b6-46ba-b512-29d51a600ac2,highness.global,available,44.5,,high,low,8,unstoppable,,,28/09/2026 14:27
acdc53ba-a9b5-4e81-8944-3526301b9632,unaltered.global,available,34.98,127.98,medium,low,9,namecheap,,,12/09/2026 00:30
ad55f8fc-2e63-4ed1-9ac2-486590f036ff,noc.global,premium,2640,80.47,high,low,3,dynadot,,,01/10/2026 03:06
00a962a4-1614-47e5-98ee-2f2887caa173,bolts.global,available,46.99,95.99,medium,low,5,namesilo,,,18/09/2026 04:01
8e185da2-4ed0-4f3e-b1d3-72ea4ac47ebb,recusant.global,available,34.98,127.98,medium,low,8,namecheap,,,14/08/2026 12:28
51aef026-fc2b-4888-a8be-ab857638e6f6,headset.global,available,32.32,80.47,high,low,7,dynadot,,,01/10/2026 02:32
a97f9c7a-5681-46c1-a04a-339af0fb2925,dani.global,premium,1310.51,55.11,high,low,4,porkbun,,,29/09/2026 15:20
cc086166-237a-4b4b-a9d0-47bf02ca9408,monitoring.global,premium,1200.5,,high,low,10,unstoppable,,,30/09/2026 05:07
55bd4cb1-4ca9-42e2-849c-08ab99bd2d7d,fulgent.global,available,34.98,127.98,medium,low,7,namecheap,,,10/08/2026 13:45
5ddcb089-4302-453d-adde-e7fa373dcac0,perfectly.global,available,46.99,95.99,high,low,9,namesilo,,,28/09/2026 11:37
8c066355-2396-409e-8337-77d0a16965ca,sheepdog.global,available,59.99,,high,low,9,name.com,,,
c828bec3-8622-460d-8b55-ad7ff789c652,dickinson.global,available,34.98,127.98,high,low,9,namecheap,,,25/09/2026 04:53
98631bd3-c33c-4095-9ee0-f3ccd5ba7dae,swelled.global,available,34.98,127.98,medium,low,7,namecheap,,,11/09/2026 05:38
155ee245-a4dd-4307-8f85-40a088bb54d8,deranged.global,available,34.98,127.98,medium,low,8,namecheap,,,13/08/2026 05:32
d405850c-4232-48eb-ad0f-8b632a7c2057,agrologic.global,available,34.98,127.98,medium,low,9,namecheap,,,
7406cdd8-ff7d-460b-be35-f6938ea88822,guile.global,available,34.98,127.98,medium,low,5,namecheap,,,13/08/2026 10:41
3747f31b-bcb6-4d98-b1ec-e77e8fecdb5a,zonary.global,available,34.98,127.98,medium,low,6,namecheap,,,13/09/2026 15:31
dc4b0df4-493c-498a-8330-c4acb98d964a,dulles.global,available,46.99,95.99,high,low,6,namesilo,,,28/09/2026 13:55
3b48683f-bcd2-4497-bcf0-1451988ebfc8,descendent.global,available,34.98,127.98,medium,low,10,namecheap,,,14/08/2026 03:16
c395b416-194a-43ac-8977-2fd24461440d,roadside.global,available,46.99,95.99,high,low,8,namesilo,,,29/09/2026 13:53
118b068e-4401-4962-b854-9e682038f86b,goosebumps.global,available,46.99,95.99,medium,low,10,namesilo,,,19/09/2026 00:04
e577e11e-7f4f-43d6-8b6a-b30ec54f7a44,breads.global,available,46.99,95.99,medium,low,6,namesilo,,,18/09/2026 04:07
c87543a4-7a1f-4a00-b6bd-3499d59d42be,endogenic.global,available,34.98,127.98,medium,low,9,namecheap,,,17/08/2026 01:13
598bb442-734e-4eb4-b8b0-3ac8914ca4e1,penalties.global,available,59.99,,high,low,9,name.com,,,
52ccf955-36a1-4f67-800c-d6723b8f5287,ostensibly.global,available,34.98,127.98,medium,low,10,namecheap,,,13/09/2026 20:26
5c8bccbb-9f15-436d-aa3b-7fde2d8f245c,forego.global,available,34.98,127.98,high,low,6,namecheap,,,18/08/2026 11:52
6e34db99-c889-4814-b7c5-46a3f5bf7dfc,forsythe.global,available,46.99,95.99,medium,low,8,namesilo,,,30/09/2026 16:08
63a4da6f-a22c-4099-87c6-fc11ff63a792,namur.global,available,44.5,,medium,low,5,unstoppable,,,30/09/2026 18:07
a579c01b-cfbe-4f0c-8485-f664cd03bf2f,jerome.global,premium,768,53.92,medium,low,6,namesilo,,,25/09/2026 05:46
7b722e59-e1f2-456b-a1ff-a0e5f0a3799a,required.global,available,34.98,127.98,high,low,8,namecheap,,,23/09/2026 18:27
7450a128-2263-46b7-9229-fbaea24cb3cf,wilted.global,available,34.98,127.98,medium,low,6,namecheap,,,23/08/2026 13:24
08ac14fd-d31d-42a9-824b-846b032a4119,attraction.global,premium,2484.2,51.95,high,low,10,spaceship,,,28/09/2026 23:11
26dbe1b3-3eb9-463d-b881-1617fde082b4,dispensed.global,available,34.98,127.98,medium,low,9,namecheap,,,14/08/2026 11:54
14b59b99-e14e-4aea-a4ea-527e89829a21,spartanburg.global,available,31.41,77.75,high,low,11,porkbun,,,29/09/2026 22:45
9597c374-cc98-4c9b-a26c-4cce06191ad2,blackening.global,available,59.99,121.99,medium,low,10,name.com,,,13/08/2026 18:12
6d19aee3-e764-4398-b8d8-185a5027175c,eparchial.global,available,34.98,127.98,low,low,9,namecheap,,,17/08/2026 10:12
6ae39957-fd30-40ca-bbd6-8a6b63799425,deafened.global,available,59.99,121.99,low,low,8,name.com,,,13/08/2026 19:52
240d2b6c-51dd-448e-a669-997c7d1ab259,capacitive.global,available,34.98,127.98,medium,low,10,namecheap,,,11/08/2026 17:49
923384f3-f50f-4079-9d9c-a4f610643d4e,anaglyph.global,available,46.99,95.99,medium,low,8,namesilo,,,19/09/2026 01:21
f900d2a7-f762-47bb-acae-e224d44a233e,balthazar.global,available,46.99,95.99,high,low,9,namesilo,,,22/09/2026 00:14
df5da8bc-94cf-481e-8ad6-b0067443a559,individuals.global,premium,1242.2,51.95,low,low,11,spaceship,,,28/09/2026 12:49
77284b16-ed27-432c-b70e-b1121b3f552e,crotch.global,available,46.99,95.99,medium,low,6,namesilo,,,24/09/2026 19:42
2d39a33e-71e1-49f5-bcd2-8c55f1611e29,composed.global,available,34.98,127.98,high,low,8,namecheap,,,23/09/2026 17:50
f2fa44d7-a20b-49dc-9e3e-a4643abe0540,monty.global,available,32.32,80.47,medium,low,5,dynadot,,,28/09/2026 11:58
17424d06-bd06-4e75-832b-5bfea1f27bc9,peaceable.global,available,34.98,127.98,high,low,9,namecheap,,,08/09/2026 11:08
b5005d36-c809-4aad-bbd7-52395110d212,viviparous.global,available,34.98,127.98,medium,low,10,namecheap,,,24/08/2026 07:53
937bf955-4733-4bd2-b03b-f3918ad23ffe,shall.global,available,59.99,,high,low,5,name.com,,,
75507b97-b565-468e-b401-2574564b9752,mallory.global,available,31.25,77.83,high,low,7,spaceship,,,28/09/2026 04:03
68b0c11b-2b54-4691-82df-e0099bc8436e,blaise.global,available,31.25,77.83,medium,low,6,spaceship,,,30/09/2026 13:38
d2dd9833-9818-4072-b635-c3cc26aa280b,adjourned.global,available,46.99,95.99,medium,low,9,namesilo,,,29/09/2026 08:57
4f9d7c14-ee9e-4e9f-bf77-de91c9e0e49c,slenderize.global,available,34.98,127.98,medium,low,10,namecheap,,,10/09/2026 10:53
3a583de2-c2ee-4daa-a142-20b2262c5bfb,epistolary.global,available,34.98,127.98,medium,low,10,namecheap,,,17/08/2026 11:14
6e9c578c-d579-4747-83d4-cf70c9cda31a,nihilist.global,available,46.99,95.99,medium,low,8,namesilo,,,19/09/2026 02:26
4ec6eed1-53be-4e6b-b4fd-dac2e4919a6c,typewriter.global,available,31.25,77.83,high,low,10,spaceship,,,29/09/2026 02:27
4550fe88-be1b-4c6a-9471-3166644a0b7a,ear.global,premium,3120,65,high,low,3,namecheap,,,29/09/2026 17:25
e99accff-ecc4-429e-b5b8-a2d6559518f4,immodest.global,available,34.98,127.98,medium,low,8,namecheap,,,21/08/2026 21:09
1d8c35b1-69e0-41e6-b22d-00cd34b351d1,marburg.global,available,46.99,95.99,medium,low,7,namesilo,,,29/09/2026 10:08
eb6a1a16-6f2f-4cc9-ab09-5a01c3b057bf,aegean.global,available,,,high,low,6,,,,
6e8dc7d7-0267-4fa5-a4e4-0361731cb8e0,liability.global,available,75.2,75.2,high,low,9,cloudflare,,,28/09/2026 09:46
63484124-e0fb-4f08-bbf2-ba8ed8528ba4,jingling.global,available,34.98,127.98,high,low,8,namecheap,,,08/09/2026 03:33
66494460-96ac-4fb1-a5e4-9e6c4f4fd417,avidity.global,available,46.99,95.99,high,low,7,namesilo,,,21/09/2026 09:28
ea8b76f2-0c59-4613-b50f-e75c85374e98,middling.global,available,34.98,127.98,medium,low,8,namecheap,,,22/08/2026 13:46
793e14da-1720-43d3-b93a-b5198350eeca,rationalism.global,available,34.98,127.98,high,low,11,namecheap,,,30/09/2026 05:54
475b5298-458b-445c-a043-3ddd72a8dce0,emerging.global,available,34.98,127.98,high,low,8,namecheap,,,16/08/2026 15:03
0144a609-bac3-4880-996f-61f98f710fce,yonder.global,available,34.98,127.98,high,low,6,namecheap,,,13/09/2026 14:45
d7a2b823-bbcb-4bbb-aa82-16f962ce8fa8,flesh.global,available,46.99,95.99,high,low,5,namesilo,,,25/09/2026 21:58
21077c02-a72c-44a4-94b4-b79caec06764,suffered.global,available,46.99,95.99,low,low,8,namesilo,,,27/09/2026 02:46
fd21aeb9-d90a-46e3-8307-ecff4f29d0d3,sewn.global,available,34.98,127.98,medium,low,4,namecheap,,,10/09/2026 05:07
1a97a0ca-f02c-405f-b0a9-cd276fd73d07,busybodied.global,available,34.98,127.98,medium,low,10,namecheap,,,11/08/2026 11:28
7fce5b0b-19e8-430f-8673-90091b29a264,extracted.global,available,75.2,75.2,medium,low,9,cloudflare,,,29/09/2026 10:37
c2ef1b22-c5fe-4e03-918f-b5b30c03ab2e,landed.global,available,34.98,127.98,high,low,6,namecheap,,,22/08/2026 19:22
46bd0677-e06c-4e59-ac43-aad4448780f8,tetragon.global,available,34.98,127.98,medium,low,8,namecheap,,,09/09/2026 07:24
b5904ae6-ee6b-49df-bd3c-a9fa87824e56,paraffin.global,available,46.99,95.99,high,low,8,namesilo,,,18/09/2026 08:24
e5cf5aa2-a793-4cb4-978a-c962501f1511,hands.global,premium,5200,65,high,low,5,namecheap,,,08/09/2026 04:01
888e97b1-2567-47ca-a59c-2711849f5d79,storylines.global,available,46.99,95.99,medium,low,10,namesilo,,,01/10/2026 00:32
96be7e6f-e27a-429d-890c-469e26b28772,rurally.global,available,34.98,127.98,medium,low,7,namecheap,,,16/09/2026 00:20
f37b07e4-1f87-44e8-b09b-6900192fee6b,apocrypha.global,available,34.98,127.98,medium,low,9,namecheap,,,19/09/2026 18:13
a2dc4349-50da-4af2-a818-228c62c8a454,assassins.global,available,31.25,77.83,low,low,9,spaceship,,,30/09/2026 07:00
4f7a8ddb-bac3-4986-8419-48838ff709a2,isotonic.global,available,34.98,127.98,medium,low,8,namecheap,,,22/08/2026 11:18
05c770c1-49ce-46a7-a9a3-7c2b2a5f3287,swelling.global,available,46.99,95.99,high,low,8,namesilo,,,24/09/2026 11:05
42927c3b-beb9-49c0-b539-21dc0fa2b1d6,gauche.global,available,34.98,127.98,medium,low,6,namecheap,,,18/08/2026 20:41
b773c209-7af5-4928-9fa4-4d320729d19e,watering.global,available,46.99,95.99,high,low,8,namesilo,,,19/09/2026 17:23
d504abb4-c20c-4052-b5e7-80581fe08744,mathias.global,available,46.99,95.99,high,low,7,namesilo,,,28/09/2026 05:17
290515c7-9047-4d74-abbd-54e6e4e16de3,dirty.global,available,46.99,95.99,high,low,5,namesilo,,,23/09/2026 21:45
09f613d5-35a2-4ac4-bf01-e1dccd788768,aunt.global,available,32.32,80.47,high,low,4,dynadot,,,28/09/2026 23:17
d61e58ed-2b58-47be-9f39-ea00980b01c8,lists.global,premium,1596,53.92,medium,low,5,namesilo,,,17/09/2026 08:32
12f65a5f-d969-42d8-8c23-6ccf6d9672ff,rites.global,available,31.25,77.83,medium,low,5,spaceship,,,29/09/2026 11:15
f0194208-996b-47c3-be21-7cdcfad4609a,pastoral.global,available,34.98,127.98,high,low,8,namecheap,,,06/08/2026 14:20
7aaf7506-d9fa-47c0-a194-ddc75240d7cb,diagnose.global,available,75.2,75.2,high,low,8,cloudflare,,,30/09/2026 19:11
1b152102-5cb0-47e5-8494-8373f5f1b0cb,hyaline.global,available,34.98,127.98,medium,low,7,namecheap,,,21/08/2026 16:06
520a9654-eaed-4719-ae31-731214fc9708,attacks.global,available,46.99,95.99,medium,low,7,namesilo,,,27/09/2026 02:47
88c71a29-077a-4a91-8236-d92da104c361,hex.global,premium,3000,62.5,high,medium,3,name.com,,,21/08/2026 07:35
0799dad0-7d9b-480e-8cef-df9b77d7e231,dynamite.global,premium,1596,53.92,high,low,8,namesilo,,,25/09/2026 22:28
b466d62a-aa7c-428b-b25f-1cf89e171dd4,amplifiers.global,available,46.99,95.99,medium,low,10,namesilo,,,17/09/2026 07:12
5e24717b-13a6-4eaa-a3c7-a6bf2b67cc6a,pacifier.global,available,46.99,95.99,high,low,8,namesilo,,,21/09/2026 13:07
f15074e2-e837-4ba0-a016-4b1ff0871848,gregorian.global,available,34.98,127.98,high,low,9,namecheap,,,20/08/2026 19:58
1fdecc4c-b2b2-48b3-b7ce-8c887c85357a,cards.global,premium,5520,53.92,high,low,5,namesilo,,,24/09/2026 12:49
8e9ca8ae-30fb-4461-bbae-70687e4e4e68,forgets.global,available,44.5,,medium,low,7,unstoppable,,,30/09/2026 16:05
b03bb9df-f801-4396-9504-e167757c88c2,techno.global,premium,3312,53.92,high,low,6,namesilo,,,30/09/2026 12:53
7f2f60b2-26f1-4e16-8b3e-f0a781801ac6,pamphlet.global,available,46.99,95.99,high,low,8,namesilo,,,24/09/2026 07:11
dfaf8e22-fc6b-40d1-a750-a13735ac8adc,uncensored.global,available,34.98,127.98,medium,low,10,namecheap,,,12/09/2026 04:53
e5d819fa-4b6f-482d-8324-601c17f95057,mysteries.global,available,46.99,95.99,high,low,9,namesilo,,,28/09/2026 17:32
d416b729-c55e-4561-a16b-bce432576b89,stealth.global,premium,,,high,low,7,,,,29/09/2026 08:08
0a4e6dbc-b54c-4b81-bb89-3de9a4542f9d,unfortunately.global,available,32.32,80.47,medium,low,13,dynadot,,,01/10/2026 06:06
88bb9715-f2df-49a4-891e-6534aab75a39,sulfur.global,available,34.98,127.98,high,low,6,namecheap,,,20/09/2026 22:28
d3b51462-45ee-4c78-8745-3f682353193b,curator.global,premium,768,53.92,high,low,7,namesilo,,,24/09/2026 17:27
38252bb5-eb7a-4a3e-b87e-7c67ebd6363f,computerized.global,available,46.99,95.99,high,low,12,namesilo,,,28/09/2026 02:46
5dfa3b50-86fb-4f7e-a1f4-f624cb14fb6a,ashir.global,available,34.98,127.98,medium,low,5,namecheap,,,20/09/2026 13:53
7206e195-d0a2-4bee-b1f7-c5a414b8b765,videotape.global,available,46.99,95.99,high,low,9,namesilo,,,29/09/2026 08:17
3b276b41-c884-40f1-bbbc-bf70af3415c5,sundown.global,available,34.98,127.98,high,low,7,namecheap,,,11/09/2026 02:12
f2749192-8db8-4405-afb7-303d2c882239,seasonal.global,available,34.98,127.98,high,low,8,namecheap,,,10/09/2026 00:58
cf6d3eef-ea2c-427b-a26a-204863f0bfb5,goonie.global,available,34.98,127.98,medium,low,6,namecheap,,,23/09/2026 23:45
cb9ed01f-cd17-4231-999f-ca7ff0aafdde,damages.global,available,46.99,95.99,high,low,7,namesilo,,,18/09/2026 18:40
55c94078-f36b-4dbf-9c1d-e02189761ba3,gibber.global,available,34.98,127.98,medium,low,6,namecheap,,,23/09/2026 23:36
b479bcc4-2f7b-4416-bdf6-0f4e0bf5b024,shelby.global,available,46.99,95.99,high,low,6,namesilo,,,25/09/2026 15:30
24985971-66b9-4716-a17f-c5b37998d4fe,matching.global,available,34.98,127.98,high,low,8,namecheap,,,12/08/2026 13:23
dde9b88c-758e-483a-ac1a-c97b2a0d37c4,auger.global,available,46.99,95.99,medium,low,5,namesilo,,,21/09/2026 03:19
af6e776e-4eee-41fb-a809-8531a3741839,afresh.global,available,34.98,127.98,medium,low,6,namecheap,,,13/09/2026 18:01
f3011ecd-f0a5-4eac-b095-e4b2bffde83a,dominos.global,available,46.99,95.99,high,low,7,namesilo,,,24/09/2026 23:28
370c8ebc-4c1d-40e4-b26a-cd317b36ca7e,lloyd.global,available,46.99,95.99,high,low,5,namesilo,,,25/09/2026 06:57
0a8725a5-cbfd-4ca4-a9f5-7367a21882f7,razorbill.global,available,46.99,95.99,medium,low,9,namesilo,,,18/09/2026 03:39
38869ec7-7ee4-46b3-a3a6-6cc332169451,utopia.global,premium,2484.2,51.95,high,low,6,spaceship,,,30/09/2026 11:17
913f9df0-1185-4f4e-93c5-91c2ad190b64,deft.global,available,34.98,127.98,high,low,4,namecheap,,,13/08/2026 23:50
d28b2973-1ff3-44d5-b3a7-18aa1c17cf01,millimeter.global,available,31.41,77.75,high,low,10,porkbun,,,30/09/2026 18:02
f852188d-9ca5-41f6-a708-189c1ac9eb1c,beatniks.global,available,34.98,127.98,medium,low,8,namecheap,,,22/09/2026 21:34
218e814a-6ba4-47f8-824b-9bef2929f43d,recent.global,available,46.99,95.99,high,low,6,namesilo,,,27/09/2026 10:49
c4f99e28-076c-4b37-a696-5c0dea29df7b,proving.global,available,31.41,77.75,high,low,7,porkbun,,,28/09/2026 11:26
c3e84e2a-1cb4-4ced-a91a-9c13be587dc4,thirdhand.global,available,34.98,127.98,medium,low,9,namecheap,,,11/09/2026 13:59
6a9be06f-49c8-458a-8d34-a42f2a5d6221,natchez.global,available,46.99,95.99,high,low,7,namesilo,,,28/09/2026 14:57
db8b6b39-997e-4a66-a7aa-bfa01c1852e8,carob.global,available,46.99,95.99,medium,low,5,namesilo,,,18/09/2026 06:50
630483f8-31f4-4147-9267-1423a5060046,consumable.global,available,34.98,127.98,high,low,10,namecheap,,,12/08/2026 23:04
66892d8f-d710-4d73-b56f-912dcd13c81a,trek.global,premium,2484.2,51.95,high,low,4,spaceship,,,29/09/2026 02:22
fcf7e2f6-b160-4687-90bd-b1d8ebacce46,activities.global,available,46.99,95.99,medium,low,10,namesilo,,,27/09/2026 22:27
8e27a880-ae16-4272-b611-63f0c6d1afa9,mucky.global,available,34.98,127.98,medium,low,5,namecheap,,,10/08/2026 17:06
fa527abb-f03b-4b24-b3b3-bf2edd25743c,await.global,available,75.2,75.2,high,low,5,cloudflare,,,30/09/2026 15:31
5a816d73-8947-4bf0-85b6-3bfeac5b894f,noiseless.global,available,34.98,127.98,medium,low,9,namecheap,,,03/09/2026 18:13
a61d45f8-bf09-4ee4-9648-ad597a9975db,mom.global,premium,2484.2,51.95,high,low,3,spaceship,,,30/09/2026 03:39
7f97a6eb-5136-4eb7-8ad0-4b85a4273979,cheeks.global,premium,1320,80.47,medium,low,6,dynadot,,,29/09/2026 10:13
c231f8a5-ac1b-49cc-a31d-32eb0ef977e5,bulls.global,available,44.5,,high,low,5,unstoppable,,,28/09/2026 07:33
1a1f891e-9fb7-4703-b3e9-f406853fe66f,debating.global,available,46.99,95.99,medium,low,8,namesilo,,,29/09/2026 05:52
5855b07d-f726-4af1-ad28-5f004c5d1e12,flakes.global,available,44.5,,medium,low,6,unstoppable,,,30/09/2026 23:20
54d498ac-402e-4176-82c0-7811fbee4299,hoydenish.global,available,34.98,127.98,low,low,9,namecheap,,,21/08/2026 14:29
5871e390-2d3a-4042-8a54-b78e86871848,daphne.global,available,46.99,95.99,high,low,6,namesilo,,,27/09/2026 12:56
4a9c3748-3208-4553-8111-ae3e1efea561,ramose.global,available,34.98,127.98,medium,low,6,namecheap,,,11/08/2026 02:14
d57b6fe5-a0af-49ba-9564-b78315516b7a,derogative.global,available,34.98,127.98,medium,low,10,namecheap,,,14/08/2026 03:10
23544fe9-fb9b-4ba0-b4c1-93611eb1ddee,luculent.global,available,34.98,127.98,medium,low,8,namecheap,,,24/08/2026 10:52
b4ed9a82-7011-458b-8697-d375db10c0f5,unscalable.global,available,34.98,127.98,medium,low,10,namecheap,,,12/09/2026 05:23
8a280d2a-4244-4a92-9d9c-95225044f14b,culturally.global,available,34.98,127.98,medium,low,10,namecheap,,,14/09/2026 09:57
575a950a-a895-4773-a62a-39fabb0bff27,warnings.global,available,44.5,,low,low,8,unstoppable,,,29/09/2026 17:44
a9672460-a5e2-45fe-bfc4-8884ad6bd018,rug.global,premium,2400.5,,high,low,3,unstoppable,,,28/09/2026 09:14
7dfae373-889a-4fd8-aac3-847f630ee947,civilisation.global,available,44.5,,high,low,12,unstoppable,,,30/09/2026 14:23
5cb17dd5-d6ad-4f22-8869-8048d2a63ba8,navajo.global,available,31.25,77.83,high,low,6,spaceship,,,30/09/2026 18:09
ba977b9d-01f5-41e9-9a37-711de0f4bcf2,entitlements.global,available,75.2,75.2,medium,low,12,cloudflare,,,01/10/2026 00:42
3d47d726-2d30-44f8-9f15-965f32d15bcf,accelerating.global,available,44.5,,high,low,12,unstoppable,,,01/10/2026 05:05
3f4446c9-95da-49fe-8a1f-90f67a1abb1e,players.global,premium,5000,,high,low,7,name.com,,,
0dfb4e0b-61cb-4fa8-a945-eb858a735ff9,bacterial.global,available,59.99,121.99,high,low,9,name.com,,,22/09/2026 16:00
93767fd5-987b-4d0e-80d7-c3407135afe0,confession.global,available,32.32,80.47,high,low,10,dynadot,,,29/09/2026 10:52
aa148218-cfec-472e-916d-18e0c021d4d5,pumped.global,available,75.2,75.2,high,low,6,cloudflare,,,29/09/2026 03:14
89067bd6-d375-4fc2-a06c-baac847d332b,woolley.global,available,31.25,77.83,medium,low,7,spaceship,,,29/09/2026 20:22
8d548d6f-f6fe-4ce9-bc68-b6fa9d5339a2,ghent.global,available,46.99,95.99,medium,low,5,namesilo,,,27/09/2026 04:10
cf7061cb-1fdd-431a-a776-13b2f8b509a6,rhodium.global,available,46.99,95.99,medium,low,7,namesilo,,,20/09/2026 23:08
2133a1d5-4e23-416d-a83c-76b83cd71209,endocrinal.global,available,34.98,127.98,medium,low,10,namecheap,,,17/08/2026 01:02
f5c52b45-1d60-4ce1-9d2d-f982c7087e3a,rotfl.global,available,59.99,,medium,low,5,name.com,,,
a59f3c85-f1e5-4d43-99b6-85caf192420a,loneliness.global,available,46.99,95.99,high,low,10,namesilo,,,18/09/2026 13:13
e4b1685d-77c2-4737-a352-25c076c7666d,modem.global,available,31.25,77.83,high,low,5,spaceship,,,30/09/2026 04:48
1248d4df-cbfe-444f-a884-e4ccfd686a95,westerly.global,available,34.98,127.98,medium,low,8,namecheap,,,13/09/2026 10:53
d27411c4-0b84-47b8-b284-f3e37973ef7e,bacchanal.global,available,34.98,127.98,high,low,9,namecheap,,,08/08/2026 04:14
8e53c92b-d79e-4f68-bd5c-10e909d4d2a3,josh.global,premium,3000,62.5,high,medium,4,name.com,,,22/08/2026 13:51
7dd143dc-3ad2-44e2-a668-59ac39b0df0a,trained.global,available,46.99,95.99,high,low,7,namesilo,,,28/09/2026 09:30
f7502f9b-6e3f-4cd4-b9e9-f2680444ac3d,pact.global,resell,,,high,low,4,,,,28/09/2026 06:32
accd8bfc-8e3d-4414-abce-49bdcc0c817b,justified.global,available,34.98,127.98,high,low,9,namecheap,,,25/09/2026 12:26
4b0cdc84-0989-4b4f-b57e-1ca99c235c29,assamese.global,available,34.98,127.98,medium,low,8,namecheap,,,07/08/2026 05:38
4fcf8c60-4e7a-476e-8a7a-2e706b2dcb9c,unclouded.global,available,34.98,127.98,medium,low,9,namecheap,,,12/08/2026 12:35
98b64c4a-b1ba-4a3f-a945-6f97d479c230,slatey.global,available,34.98,127.98,medium,low,6,namecheap,,,10/09/2026 10:21
d4189d84-45d3-44f1-891e-df2e9bb2ca6a,sit.global,premium,3312,53.92,high,low,3,namesilo,,,30/09/2026 10:17
34ef0e06-0771-40bc-8ec4-f129dddff1e9,tribunal.global,available,44.5,,high,low,8,unstoppable,,,30/09/2026 01:07
d87f1b48-c6ef-4c1c-af9b-425e37a61773,ashur.global,available,46.99,95.99,medium,low,5,namesilo,,,20/09/2026 13:50
45b8a726-9098-4457-8123-585db5d597c9,noticeably.global,available,34.98,127.98,medium,low,10,namecheap,,,15/09/2026 16:56
b946aef6-8549-4941-b5c0-3def90da6d50,obsolete.global,available,34.98,127.98,medium,low,8,namecheap,,,14/08/2026 13:30
4b8fba02-dcc4-4889-a0c3-36bd2cecfe6e,comforted.global,available,34.98,127.98,high,low,9,namecheap,,,23/09/2026 15:14
3af1a076-7643-413d-9264-ba50c2f6fc49,cupidity.global,available,46.99,95.99,medium,low,8,namesilo,,,21/09/2026 08:48
45a03c6f-57fb-41f8-873f-1bd2ab1b92a2,destitute.global,available,34.98,127.98,medium,low,9,namecheap,,,14/08/2026 04:32
bf7331e8-69d5-405f-86f6-6fb8ac6d0c24,digger.global,available,34.98,127.98,high,low,6,namecheap,,,29/09/2026 06:38
9937bf6d-01df-4c91-acfc-47ac97dca61c,marly.global,available,34.98,127.98,medium,low,5,namecheap,,,24/08/2026 16:08
b84fbc31-797c-4b7f-9d8c-fa0364a6dde7,restructuring.global,available,59.99,,high,low,13,name.com,,,
6c59a81f-d821-4437-a55e-5cbf74d5a9bb,electricity.global,premium,2484.2,51.95,high,low,11,spaceship,,,28/09/2026 07:43
566ea868-0e73-4e52-b156-449e0df77407,arresting.global,available,34.98,127.98,high,low,9,namecheap,,,06/08/2026 21:47
3197203b-c1f8-45f1-84dd-f8ddc174dbbb,imprisonment.global,available,46.99,95.99,medium,low,12,namesilo,,,28/09/2026 22:40
147e96bd-dd96-4751-a65e-770e616d197c,paint.global,premium,1310.51,55.11,high,low,5,porkbun,,,30/09/2026 06:21
e978d55d-09a3-4bcc-b420-ea5f3d042f51,antrum.global,available,46.99,95.99,medium,low,6,namesilo,,,19/09/2026 15:46
828a0d94-b0fe-4035-95bb-4cb8fccacde4,picasso.global,available,31.41,77.75,high,low,7,porkbun,,,28/09/2026 20:04
dbda0634-ad33-4e75-9d16-ef6d886c37e2,penultima.global,available,34.98,127.98,medium,low,9,namecheap,,,08/09/2026 15:14
56f48fc4-f4b9-4d8b-a09e-2b36c2af4b8c,headaches.global,available,46.99,95.99,low,low,9,namesilo,,,29/09/2026 06:01
e6abaa45-6d93-402f-b939-6ad2122883e8,fruiting.global,available,34.98,127.98,high,low,8,namecheap,,,18/08/2026 17:04
0a6e114e-e8bb-41ae-b180-a9fd14c56494,comical.global,available,46.99,95.99,high,low,7,namesilo,,,23/09/2026 15:19
0ab5d736-bdbb-4c6f-b155-4912b5cf7937,conditions.global,premium,1596,53.92,high,low,10,namesilo,,,28/09/2026 10:19
a8ce3627-e6b7-43f4-9506-8ad2f9aa66b9,camp.global,premium,3000,62.5,high,low,4,name.com,,,11/08/2026 15:47
e771067d-13af-481a-a22e-2ca3a01f9859,ripened.global,available,34.98,127.98,high,low,7,namecheap,,,09/09/2026 17:55
3f002017-37b7-47b4-afd8-46717c4df533,thickener.global,available,34.98,127.98,medium,low,9,namecheap,,,11/09/2026 13:14
7aa3b282-dddc-4268-b102-d7da28bb0c62,extras.global,available,59.99,,medium,low,6,name.com,,,
f647f5c3-be82-48a3-8240-6f2473cab178,proudly.global,available,34.98,127.98,high,low,7,namecheap,,,15/09/2026 21:48
8f6b716f-400c-4ed1-b226-850ba2e31105,adaxial.global,available,34.98,127.98,medium,low,7,namecheap,,,
1a0df6a6-73ea-4cd0-aca2-a683d3178c9b,placement.global,available,34.98,127.98,high,low,9,namecheap,,,09/09/2026 00:08
71b3ef35-5559-4e8e-907e-539519dab285,mich.global,available,32.32,80.47,high,low,4,dynadot,,,29/09/2026 14:29
2c678f24-040b-4dba-b089-8d143f142939,seduction.global,premium,,,high,low,9,,,,30/09/2026 11:00
e8df2a3d-010e-442a-9f89-2030e0c8f0b6,kelso.global,available,31.25,77.83,medium,low,5,spaceship,,,29/09/2026 22:10
9cced7c9-fdf0-4e1c-86f0-4d42f8adc200,outfits.global,available,46.99,95.99,medium,low,7,namesilo,,,28/09/2026 23:41
1ce08883-4ad4-4ce3-9269-cb71d2e794b0,forsake.global,available,34.98,127.98,medium,low,7,namecheap,,,14/08/2026 03:54
0a0900bb-9ca0-4730-bcc8-9848ab4a236e,quilting.global,available,46.99,95.99,high,low,8,namesilo,,,30/09/2026 09:05
c1bb54d8-45af-476f-9bff-f3196a3eb4e6,rtc.global,premium,2484.2,51.95,high,low,3,spaceship,,,30/09/2026 12:40
c5dd30b7-18d0-432f-a6ae-0d6ea2850c04,hipaa.global,available,59.99,,medium,low,5,name.com,,,
23934446-0a93-429e-af99-27dd81ab404c,private.global,premium,3312,53.92,high,medium,7,namesilo,,,27/09/2026 06:15
f8c8ea4f-d63c-4942-b1d4-6a3146d277b0,seaward.global,available,34.98,127.98,medium,low,7,namecheap,,,22/08/2026 06:58
fc752a4f-d7c8-4810-85ee-8d877e71ad16,grandchildren.global,available,34.98,127.98,medium,low,13,namecheap,,,
858485ea-4e0c-43a6-85a4-457dd4798120,afflicted.global,available,34.98,127.98,medium,low,9,namecheap,,,
15403495-eab2-434b-8fe0-60704c053115,challenging.global,available,59.99,,high,low,11,name.com,,,
1943f81c-bf61-407f-b4b6-c2b1fbb89293,markers.global,available,44.5,,low,low,7,unstoppable,,,29/09/2026 06:04
a4bae2d1-0896-4442-ad60-1f40fc908bce,relates.global,available,31.25,77.83,high,low,7,spaceship,,,01/10/2026 00:18
02ddb1c3-1c2d-47cd-87bc-23299a9fca5c,jillion.global,available,34.98,127.98,medium,low,7,namecheap,,,11/09/2026 19:52
816c6291-6076-455b-be38-ce682d39bdbb,ineffable.global,available,34.98,127.98,high,low,9,namecheap,,,22/08/2026 02:45
f01a261a-31ec-4689-91e9-e645281ca80f,tellingly.global,available,34.98,127.98,medium,low,9,namecheap,,,16/09/2026 08:14
1cd73229-748e-4269-a4e8-9f28cbb7b020,offhand.global,available,34.98,127.98,medium,low,7,namecheap,,,
bcb1cf66-0de7-40e2-a9f1-8e4123deb7ab,coventry.global,available,46.99,95.99,medium,low,8,namesilo,,,22/09/2026 02:09
37003221-1aea-472b-a5a0-5d90ace00c92,mystical.global,available,34.98,127.98,high,low,8,namecheap,,,03/09/2026 12:24
90f1d2ba-553e-47da-9137-5fa218e89e34,veins.global,available,32.32,80.47,medium,low,5,dynadot,,,28/09/2026 08:48
c9a60df4-9bf5-44d2-b95e-f8d58f2785a3,amberjack.global,available,46.99,95.99,high,low,9,namesilo,,,18/09/2026 16:35
0b291be4-2122-40d0-b74d-6c0b382c0647,pudgy.global,available,34.98,127.98,medium,low,5,namecheap,,,08/09/2026 22:24
be9da4ac-41cd-4de5-b316-9275713206cb,bursting.global,available,32.32,80.47,high,low,8,dynadot,,,30/09/2026 12:02
4888ef6b-7406-4506-94a0-33bc0b3c9f7b,download.global,premium,4400,80.47,high,low,8,dynadot,,,28/09/2026 06:58
03b66881-53bc-4f74-b183-b5044c0e8c86,accusation.global,available,75.2,75.2,medium,low,10,cloudflare,,,28/09/2026 17:30
4773abf4-d8fb-49dc-9250-30d8881859d2,falcon.global,resell,,,high,medium,6,,,,28/09/2026 19:10
a518d91f-91cf-4cd7-8a4e-4716a7c6a368,hulk.global,available,32.32,80.47,high,low,4,dynadot,,,29/09/2026 13:05
38d7fc76-b372-492b-8910-46fc0f32a1ae,genesee.global,available,46.99,95.99,medium,low,7,namesilo,,,28/09/2026 08:10
c8d79995-cf56-4fa2-a2fc-a1e8dc507ca0,competencies.global,available,46.99,95.99,medium,low,12,namesilo,,,29/09/2026 06:05
498ffca0-8177-4a20-963c-b5334c86c83a,untold.global,available,34.98,127.98,medium,low,6,namecheap,,,12/09/2026 21:37
186ed9dc-9243-445d-b94c-43ba8555008f,bowes.global,available,34.98,127.98,medium,low,5,namecheap,,,30/09/2026 05:26
262f223e-ab98-4051-87e7-c1034367b612,fatherly.global,available,34.98,127.98,high,low,8,namecheap,,,17/08/2026 23:36
8781d9b6-2c9a-4752-806e-962c7275dbad,bosses.global,available,46.99,95.99,medium,low,6,namesilo,,,18/09/2026 05:55
3c84c1ed-f47b-4ab2-ac46-b0ae591d6e50,piles.global,available,34.98,127.98,high,low,5,namecheap,,,14/09/2026 23:21
67513689-78bb-49ef-a70f-fd2dbed4bf47,asdic.global,available,46.99,95.99,medium,low,5,namesilo,,,20/09/2026 13:30
785760cd-d204-40a5-9e19-1c97804ed894,glassless.global,available,34.98,127.98,medium,low,9,namecheap,,,20/08/2026 14:11
baf823e6-8e2e-45a8-b900-fd92a69072c4,prokhorov.global,available,46.99,95.99,high,low,9,namesilo,,,18/09/2026 05:06
270409d6-7ca6-4abf-83ce-7d2627d83efb,gregg.global,available,59.99,,high,low,5,name.com,,,
ff58fa7d-5f8e-4ef7-bb7a-01e6a614ac5c,softish.global,available,34.98,127.98,medium,low,7,namecheap,,,10/09/2026 03:22
14577998-473d-4e7b-adf4-eb7541b591d5,axonal.global,available,34.98,127.98,medium,low,6,namecheap,,,08/08/2026 02:01
cd2e7c8b-b154-41ff-ab19-df2cb85f15f9,andhra.global,available,46.99,95.99,medium,low,6,namesilo,,,29/09/2026 04:23
808a50d5-95bf-4190-a32b-e49beab82524,weathered.global,available,34.98,127.98,medium,low,9,namecheap,,,13/09/2026 09:21
dae35993-e210-4c23-a236-84884ccabc50,pat.global,premium,5520,53.92,high,low,3,namesilo,,,27/09/2026 03:00
6feb03b8-248e-42fd-b60e-a4e9686356ce,bailment.global,available,34.98,127.98,medium,low,8,namecheap,,,21/09/2026 19:09
4a046bbe-3f45-4c1c-a141-d0411c64b751,elect.global,available,34.98,127.98,high,low,5,namecheap,,,16/08/2026 02:30
bf257b41-6a42-47c8-ac13-188cc01f302d,amplifying.global,available,34.98,127.98,medium,low,10,namecheap,,,17/09/2026 20:45
49bd7428-dd63-4634-af08-e8d535dfa349,appraiser.global,premium,3312,53.92,high,low,9,namesilo,,,19/09/2026 22:12
ddce3b4e-c7fe-4d86-8624-ab048902d0e9,hutchison.global,available,31.25,77.83,medium,low,9,spaceship,,,28/09/2026 22:09
8a229f24-d5c6-490b-bb5d-c229f25fc8db,planets.global,available,46.99,95.99,high,low,7,namesilo,,,18/09/2026 11:12
655ea513-07af-455e-a205-4b269d7d09d1,nontaxable.global,available,34.98,127.98,medium,low,10,namecheap,,,03/09/2026 20:54
0636c6be-5a32-41be-869a-2a39064dd4b9,surfers.global,available,46.99,95.99,medium,low,7,namesilo,,,20/09/2026 02:01
08b6fa0a-1a8d-462f-847d-19820cdc71ff,spirea.global,available,46.99,95.99,medium,low,6,namesilo,,,20/09/2026 17:27
b9d297c3-abc3-43e9-96df-ecc6e2a9b2d1,peritoneal.global,available,34.98,127.98,medium,low,10,namecheap,,,08/09/2026 17:25
c6f47037-9a0e-4341-bdd4-61de61f56759,rotter.global,available,34.98,127.98,medium,low,6,namecheap,,,11/08/2026 09:08
7e0ec133-998e-4a47-bb78-b4d7c10c5a41,loopy.global,available,34.98,127.98,medium,low,5,namecheap,,,06/08/2026 21:22
43821c2b-9a19-4bec-b41a-e7f25f82a257,abort.global,available,46.99,95.99,high,low,5,namesilo,,,16/09/2026 16:38
bb500377-5f88-4a3a-a18a-fcd82f15c273,stalker.global,available,46.99,95.99,high,low,7,namesilo,,,30/09/2026 02:37
407b4d6d-dadc-4105-be25-83e2b6e6351c,unlogical.global,available,34.98,127.98,low,low,9,namecheap,,,21/08/2026 20:07
99812400-8087-48e5-bf25-25aebc7bbab8,surname.global,available,44.5,,high,low,7,unstoppable,,,29/09/2026 06:51
025a0783-c56e-4702-8ee9-b08dd5c49fa8,unceasing.global,available,34.98,127.98,medium,low,9,namecheap,,,
91516ae9-4684-4f18-8b9d-31a1eef1bae4,requisitions.global,available,46.99,95.99,medium,low,12,namesilo,,,20/09/2026 14:26
add9544b-a56d-4bfe-be08-5cd7bb987ed1,bossy.global,available,34.98,127.98,medium,low,5,namecheap,,,07/08/2026 19:35
ed285647-0fb6-44ca-9d54-98fae71f8cc9,bittern.global,available,46.99,95.99,medium,low,7,namesilo,,,23/09/2026 23:02
621d0553-d5b3-479f-a5b2-dceacd153a9e,compensate.global,available,46.99,95.99,high,low,10,namesilo,,,27/09/2026 15:05
7a5177da-4261-4f17-8a3b-ea0fc6d6c02a,programme.global,premium,1596,53.92,high,low,9,namesilo,,,24/09/2026 16:59
8c605cc6-65a2-4da0-afa8-a31149c3ff9c,parvenu.global,available,34.98,127.98,medium,low,7,namecheap,,,03/09/2026 22:14
ccd8a327-562c-4dfe-994f-0ee5cb7d53ce,uncool.global,available,34.98,127.98,medium,low,6,namecheap,,,12/09/2026 06:11
c184c523-674f-44fc-b07a-6e4852c6a7ca,sweep.global,available,46.99,95.99,high,low,5,namesilo,,,24/09/2026 10:48
42a037b5-a68e-4bcc-b770-2a84aec12a3f,village.global,resell,,,high,low,7,"Chengdu West Dimension Digital Technology Co., Ltd.",20/03/2017 10:47,20/03/2027 10:47,26/09/2026 09:59
53bbe6bc-1ff1-4469-975c-71478d2c2adb,longroot.global,available,34.98,127.98,medium,low,8,namecheap,,,20/09/2026 03:40
d0482f48-5839-4327-ac11-c705b7e2d525,bhutanese.global,available,34.98,127.98,medium,low,9,namecheap,,,09/08/2026 18:24
f74d9b88-3af3-44c9-b5f3-afd96be09022,ironed.global,available,34.98,127.98,medium,low,6,namecheap,,,22/08/2026 10:04
d717f6b5-44c6-412d-a17d-3f15faafac93,intimal.global,available,34.98,127.98,medium,low,7,namecheap,,,22/08/2026 08:28
bcbaaa64-ec47-4196-9247-ea0436216ba9,cashed.global,available,34.98,127.98,high,low,6,namecheap,,,11/08/2026 20:15
ae1083de-0e1a-495f-a679-702c896b4b02,spattered.global,available,59.99,121.99,medium,low,9,name.com,,,13/08/2026 15:15
15633b66-fd99-4d83-a888-2ab9b5165c38,rash.global,available,34.98,127.98,medium,low,4,namecheap,,,18/08/2026 10:31
5d4d835c-efc3-4930-a419-08963dba40b4,pomegranates.global,available,34.98,127.98,medium,low,12,namecheap,,,20/09/2026 01:42
687aeb9c-aa77-45e9-92e8-fe39027688a6,grunt.global,available,46.99,95.99,high,low,5,namesilo,,,01/10/2026 02:20
7ae5c86e-2856-4511-8b79-5146acc73169,woes.global,available,34.98,127.98,low,low,4,namecheap,,,20/09/2026 07:52
b96bc94b-fdd9-460a-9574-b77ac6192aab,possibilities.global,available,46.99,95.99,medium,low,13,namesilo,,,16/09/2026 10:01
b348a325-6235-4de5-b049-64178bb7667e,malted.global,available,34.98,127.98,high,low,6,namecheap,,,24/08/2026 14:12
45d44012-eb86-4b80-a4c1-671773bde826,earlier.global,available,46.99,95.99,high,low,7,namesilo,,,24/09/2026 12:52
b517a97f-c33d-4e90-96fa-665aba4f7280,boards.global,premium,5520,53.92,high,low,6,namesilo,,,29/09/2026 03:05
f7fed8a9-0152-43fc-980f-3adb0017374b,deferent.global,available,34.98,127.98,medium,low,8,namecheap,,,13/08/2026 23:17
ddd2aa59-5d6e-41e0-8385-6bc3414273db,audibly.global,available,34.98,127.98,medium,low,7,namecheap,,,13/09/2026 22:44
06a9b82b-dbf0-447e-a884-9a160c9739da,bradshaw.global,available,31.25,77.83,high,low,8,spaceship,,,27/09/2026 18:05
91cef0b8-050a-480b-abfe-434a79e1eb58,infections.global,available,46.99,95.99,low,low,10,namesilo,,,30/09/2026 15:33
a4d84556-786b-4f7f-99c7-ca003210e302,mimetic.global,available,34.98,127.98,medium,low,7,namecheap,,,24/08/2026 23:27
a76da00f-6d2c-4507-ab58-308a186587c6,untrustworthy.global,available,59.99,,medium,low,13,name.com,,,
d5213c97-275f-4942-9cfd-daa80e273fb1,mouthcare.global,available,59.99,,medium,low,9,name.com,,,
994eed19-2b16-4b96-ad77-393dd69008c4,sixteen.global,available,46.99,95.99,high,low,7,namesilo,,,21/09/2026 11:48
a40672c7-b8be-4e27-b268-4bd7fd82fc9c,goody.global,available,59.99,121.99,high,low,5,name.com,,,13/08/2026 15:54
9c4d3c5f-b0ed-4f3a-9b40-394140fc6267,rhombic.global,available,34.98,127.98,medium,low,7,namecheap,,,09/09/2026 16:43
69423900-de37-44c7-8b8f-26d467d0b289,darwinian.global,available,59.99,121.99,medium,low,9,name.com,,,13/08/2026 18:25
bc051ce2-7f71-43ec-aa63-6539fdfaab29,barbara.global,available,46.99,95.99,high,low,7,namesilo,,,25/09/2026 11:55
c2bc817e-cf97-4552-82be-32cf98d5028a,craftily.global,available,34.98,127.98,medium,low,8,namecheap,,,14/09/2026 09:00